model,model_id,type,recommended,accuracy,precision,recall,f1,roc_auc,threshold,tp,fp,fn,tn,visitors_impacted,benefit_tp_usd,cost_fp_usd,cost_fn_usd,value_tn_usd,intervention_cost_usd,net_value_usd,roi_pct,average_purchase_usd,gross_margin_pct,incentive_cost_usd,contact_cost_usd,uplift_pct,false_negative_cost_usd,true_negative_value_usd,is_best_value_threshold,is_best_f1_threshold
XGBoost,xgboost_tuned,tuned,True,0.6194182712003278,0.29042145593869734,0.9921465968586387,0.44931831653823356,0.9335613791069217,0.05,379,926,3,1133,1305,8489.6,-9260.0,-180.0,0.0,13050.0,-950.3999999999996,-7.282758620689653,180.0,0.45,8.0,2.0,0.4,60.0,0.0,False,False
XGBoost,xgboost_tuned,tuned,True,0.6698074559606718,0.3197278911564626,0.9842931937172775,0.48267008985879334,0.9335613791069217,0.06,376,800,6,1259,1176,8422.4,-8000.0,-360.0,0.0,11760.0,62.399999999999636,0.5306122448979561,180.0,0.45,8.0,2.0,0.4,60.0,0.0,False,False
XGBoost,xgboost_tuned,tuned,True,0.6935682097501025,0.3357271095152603,0.9790575916230366,0.5,0.9335613791069217,0.07,374,740,8,1319,1114,8377.6,-7400.0,-480.0,0.0,11140.0,497.60000000000036,4.466786355475767,180.0,0.45,8.0,2.0,0.4,60.0,0.0,False,False
XGBoost,xgboost_tuned,tuned,True,0.7005325686194183,0.3400549954170486,0.9712041884816754,0.5037338764426341,0.9335613791069217,0.08,371,720,11,1339,1091,8310.4,-7200.0,-660.0,0.0,10910.0,450.39999999999964,4.1283226397800155,180.0,0.45,8.0,2.0,0.4,60.0,0.0,False,False
XGBoost,xgboost_tuned,tuned,True,0.7140516181892667,0.34980988593155893,0.9633507853403142,0.5132496513249651,0.9335613791069217,0.09,368,684,14,1375,1052,8243.199999999999,-6840.0,-840.0,0.0,10520.0,563.1999999999989,5.35361216730037,180.0,0.45,8.0,2.0,0.4,60.0,0.0,False,False
XGBoost,xgboost_tuned,tuned,True,0.7283900040966816,0.361028684470821,0.9554973821989529,0.5240488155061019,0.9335613791069217,0.1,365,646,17,1413,1011,8175.999999999999,-6460.0,-1020.0,0.0,10110.0,695.9999999999991,6.884272997032633,180.0,0.45,8.0,2.0,0.4,60.0,0.0,False,False
XGBoost,xgboost_tuned,tuned,True,0.7529700942236788,0.3828207847295864,0.9450261780104712,0.5449056603773584,0.9335613791069217,0.11,361,582,21,1477,943,8086.4,-5820.0,-1260.0,0.0,9430.0,1006.3999999999996,10.672322375397664,180.0,0.45,8.0,2.0,0.4,60.0,0.0,False,False
XGBoost,xgboost_tuned,tuned,True,0.7791888570258091,0.4096662830840046,0.9319371727748691,0.5691446842525979,0.9335613791069217,0.12,356,513,26,1546,869,7974.4,-5130.0,-1560.0,0.0,8690.0,1284.3999999999996,14.78020713463751,180.0,0.45,8.0,2.0,0.4,60.0,0.0,False,False
XGBoost,xgboost_tuned,tuned,True,0.794756247439574,0.4280532043530834,0.9267015706806283,0.5856079404466501,0.9335613791069217,0.13,354,473,28,1586,827,7929.599999999999,-4730.0,-1680.0,0.0,8270.0,1519.5999999999995,18.374848851269643,180.0,0.45,8.0,2.0,0.4,60.0,0.0,False,False
XGBoost,xgboost_tuned,tuned,True,0.814829987709955,0.4540682414698163,0.9057591623036649,0.6048951048951049,0.9335613791069217,0.14,346,416,36,1643,762,7750.4,-4160.0,-2160.0,0.0,7620.0,1430.3999999999996,18.77165354330708,180.0,0.45,8.0,2.0,0.4,60.0,0.0,False,False
XGBoost,xgboost_tuned,tuned,True,0.8336747234739861,0.4830508474576271,0.8952879581151832,0.6275229357798165,0.9335613791069217,0.15,342,366,40,1693,708,7660.799999999999,-3660.0,-2400.0,0.0,7080.0,1600.7999999999993,22.610169491525415,180.0,0.45,8.0,2.0,0.4,60.0,0.0,True,False
XGBoost,xgboost_tuned,tuned,True,0.8426874231872183,0.49851190476190477,0.8769633507853403,0.635673624288425,0.9335613791069217,0.16,335,337,47,1722,672,7503.999999999999,-3370.0,-2820.0,0.0,6720.0,1313.999999999999,19.553571428571416,180.0,0.45,8.0,2.0,0.4,60.0,0.0,False,False
XGBoost,xgboost_tuned,tuned,True,0.849242113887751,0.5108695652173914,0.8612565445026178,0.6413255360623782,0.9335613791069217,0.17,329,315,53,1744,644,7369.599999999999,-3150.0,-3180.0,0.0,6440.0,1039.5999999999995,16.142857142857135,180.0,0.45,8.0,2.0,0.4,60.0,0.0,False,False
XGBoost,xgboost_tuned,tuned,True,0.8574354772634166,0.5278688524590164,0.8429319371727748,0.6491935483870968,0.9335613791069217,0.18,322,288,60,1771,610,7212.799999999999,-2880.0,-3600.0,0.0,6100.0,732.7999999999993,12.013114754098348,180.0,0.45,8.0,2.0,0.4,60.0,0.0,False,False
XGBoost,xgboost_tuned,tuned,True,0.8648095043015158,0.5446735395189003,0.8298429319371727,0.6576763485477178,0.9335613791069217,0.19,317,265,65,1794,582,7100.799999999999,-2650.0,-3900.0,0.0,5820.0,550.7999999999993,9.463917525773184,180.0,0.45,8.0,2.0,0.4,60.0,0.0,False,False
XGBoost,xgboost_tuned,tuned,True,0.8705448586644817,0.5591397849462365,0.8167539267015707,0.6638297872340425,0.9335613791069217,0.2,312,246,70,1813,558,6988.799999999999,-2460.0,-4200.0,0.0,5580.0,328.7999999999993,5.8924731182795576,180.0,0.45,8.0,2.0,0.4,60.0,0.0,False,False
XGBoost,xgboost_tuned,tuned,True,0.8754608766898812,0.5722222222222222,0.8089005235602095,0.6702819956616052,0.9335613791069217,0.21,309,231,73,1828,540,6921.599999999999,-2310.0,-4380.0,0.0,5400.0,231.59999999999945,4.288888888888879,180.0,0.45,8.0,2.0,0.4,60.0,0.0,False,False
XGBoost,xgboost_tuned,tuned,True,0.8779188857025809,0.5801526717557252,0.7958115183246073,0.6710816777041942,0.9335613791069217,0.22,304,220,78,1839,524,6809.599999999999,-2200.0,-4680.0,0.0,5240.0,-70.40000000000055,-1.3435114503816898,180.0,0.45,8.0,2.0,0.4,60.0,0.0,False,False
XGBoost,xgboost_tuned,tuned,True,0.8811962310528472,0.5891472868217055,0.7958115183246073,0.6770601336302895,0.9335613791069217,0.23,304,212,78,1847,516,6809.599999999999,-2120.0,-4680.0,0.0,5160.0,9.599999999999454,0.1860465116278964,180.0,0.45,8.0,2.0,0.4,60.0,0.0,False,False
XGBoost,xgboost_tuned,tuned,True,0.8820155673904138,0.5914396887159533,0.7958115183246073,0.6785714285714286,0.9335613791069217,0.24,304,210,78,1849,514,6809.599999999999,-2100.0,-4680.0,0.0,5140.0,29.599999999999454,0.5758754863813123,180.0,0.45,8.0,2.0,0.4,60.0,0.0,False,False
XGBoost,xgboost_tuned,tuned,True,0.8832445718967636,0.5952848722986247,0.7931937172774869,0.6801346801346801,0.9335613791069217,0.25,303,206,79,1853,509,6787.2,-2060.0,-4740.0,0.0,5090.0,-12.800000000000182,-0.25147347740668335,180.0,0.45,8.0,2.0,0.4,60.0,0.0,False,False
XGBoost,xgboost_tuned,tuned,True,0.8836542400655469,0.5964566929133859,0.7931937172774869,0.6808988764044944,0.9335613791069217,0.26,303,205,79,1854,508,6787.2,-2050.0,-4740.0,0.0,5080.0,-2.800000000000182,-0.05511811023622405,180.0,0.45,8.0,2.0,0.4,60.0,0.0,False,False
XGBoost,xgboost_tuned,tuned,True,0.8848832445718967,0.6,0.7931937172774869,0.6832018038331454,0.9335613791069217,0.27,303,202,79,1857,505,6787.2,-2020.0,-4740.0,0.0,5050.0,27.199999999999818,0.538613861386135,180.0,0.45,8.0,2.0,0.4,60.0,0.0,False,False
XGBoost,xgboost_tuned,tuned,True,0.88529291274068,0.602,0.7879581151832461,0.6825396825396826,0.9335613791069217,0.28,301,199,81,1860,500,6742.4,-1990.0,-4860.0,0.0,5000.0,-107.60000000000036,-2.1520000000000072,180.0,0.45,8.0,2.0,0.4,60.0,0.0,False,False
XGBoost,xgboost_tuned,tuned,True,0.88529291274068,0.602,0.7879581151832461,0.6825396825396826,0.9335613791069217,0.29,301,199,81,1860,500,6742.4,-1990.0,-4860.0,0.0,5000.0,-107.60000000000036,-2.1520000000000072,180.0,0.45,8.0,2.0,0.4,60.0,0.0,False,False
XGBoost,xgboost_tuned,tuned,True,0.8844735764031135,0.6012145748987854,0.7774869109947644,0.678082191780822,0.9335613791069217,0.3,297,197,85,1862,494,6652.799999999999,-1970.0,-5100.0,0.0,4940.0,-417.2000000000007,-8.44534412955467,180.0,0.45,8.0,2.0,0.4,60.0,0.0,False,False
XGBoost,xgboost_tuned,tuned,True,0.8844735764031135,0.6012145748987854,0.7774869109947644,0.678082191780822,0.9335613791069217,0.31,297,197,85,1862,494,6652.799999999999,-1970.0,-5100.0,0.0,4940.0,-417.2000000000007,-8.44534412955467,180.0,0.45,8.0,2.0,0.4,60.0,0.0,False,False
XGBoost,xgboost_tuned,tuned,True,0.8865219172470299,0.6073619631901841,0.7774869109947644,0.6819747416762342,0.9335613791069217,0.32,297,192,85,1867,489,6652.799999999999,-1920.0,-5100.0,0.0,4890.0,-367.2000000000007,-7.509202453987745,180.0,0.45,8.0,2.0,0.4,60.0,0.0,False,False
XGBoost,xgboost_tuned,tuned,True,0.8877509217533798,0.6111111111111112,0.7774869109947644,0.684331797235023,0.9335613791069217,0.33,297,189,85,1870,486,6652.799999999999,-1890.0,-5100.0,0.0,4860.0,-337.2000000000007,-6.938271604938287,180.0,0.45,8.0,2.0,0.4,60.0,0.0,False,False
XGBoost,xgboost_tuned,tuned,True,0.8885702580909464,0.6136363636363636,0.7774869109947644,0.6859122401847575,0.9335613791069217,0.34,297,187,85,1872,484,6652.799999999999,-1870.0,-5100.0,0.0,4840.0,-317.2000000000007,-6.553719008264477,180.0,0.45,8.0,2.0,0.4,60.0,0.0,False,False
XGBoost,xgboost_tuned,tuned,True,0.889389594428513,0.6161825726141079,0.7774869109947644,0.6875,0.9335613791069217,0.35,297,185,85,1874,482,6652.799999999999,-1850.0,-5100.0,0.0,4820.0,-297.2000000000007,-6.165975103734455,180.0,0.45,8.0,2.0,0.4,60.0,0.0,False,False
XGBoost,xgboost_tuned,tuned,True,0.8889799262597297,0.615866388308977,0.7722513089005235,0.6852497096399536,0.9335613791069217,0.36,295,184,87,1875,479,6608.0,-1840.0,-5220.0,0.0,4790.0,-452.0,-9.436325678496868,180.0,0.45,8.0,2.0,0.4,60.0,0.0,False,False
XGBoost,xgboost_tuned,tuned,True,0.8889799262597297,0.6163522012578616,0.7696335078534031,0.6845168800931315,0.9335613791069217,0.37,294,183,88,1876,477,6585.599999999999,-1830.0,-5280.0,0.0,4770.0,-524.4000000000005,-10.99371069182391,180.0,0.45,8.0,2.0,0.4,60.0,0.0,False,False
XGBoost,xgboost_tuned,tuned,True,0.8897992625972961,0.6189473684210526,0.7696335078534031,0.6861143523920653,0.9335613791069217,0.38,294,181,88,1878,475,6585.599999999999,-1810.0,-5280.0,0.0,4750.0,-504.40000000000055,-10.618947368421065,180.0,0.45,8.0,2.0,0.4,60.0,0.0,False,False
XGBoost,xgboost_tuned,tuned,True,0.8902089307660794,0.620253164556962,0.7696335078534031,0.6869158878504673,0.9335613791069217,0.39,294,180,88,1879,474,6585.599999999999,-1800.0,-5280.0,0.0,4740.0,-494.40000000000055,-10.430379746835454,180.0,0.45,8.0,2.0,0.4,60.0,0.0,False,False
XGBoost,xgboost_tuned,tuned,True,0.891028267103646,0.6228813559322034,0.7696335078534031,0.6885245901639344,0.9335613791069217,0.4,294,178,88,1881,472,6585.599999999999,-1780.0,-5280.0,0.0,4720.0,-474.40000000000055,-10.05084745762713,180.0,0.45,8.0,2.0,0.4,60.0,0.0,False,False
XGBoost,xgboost_tuned,tuned,True,0.8922572716099959,0.6268656716417911,0.7696335078534031,0.690951821386604,0.9335613791069217,0.41,294,175,88,1884,469,6585.599999999999,-1750.0,-5280.0,0.0,4690.0,-444.40000000000055,-9.475479744136472,180.0,0.45,8.0,2.0,0.4,60.0,0.0,False,False
XGBoost,xgboost_tuned,tuned,True,0.8934862761163458,0.630901287553648,0.7696335078534031,0.6933962264150944,0.9335613791069217,0.42,294,172,88,1887,466,6585.599999999999,-1720.0,-5280.0,0.0,4660.0,-414.40000000000055,-8.892703862660955,180.0,0.45,8.0,2.0,0.4,60.0,0.0,False,False
XGBoost,xgboost_tuned,tuned,True,0.8951249487914789,0.6363636363636364,0.7696335078534031,0.6966824644549763,0.9335613791069217,0.43,294,168,88,1891,462,6585.599999999999,-1680.0,-5280.0,0.0,4620.0,-374.40000000000055,-8.103896103896115,180.0,0.45,8.0,2.0,0.4,60.0,0.0,False,False
XGBoost,xgboost_tuned,tuned,True,0.8955346169602622,0.6383442265795207,0.7670157068062827,0.6967895362663495,0.9335613791069217,0.44,293,166,89,1893,459,6563.2,-1660.0,-5340.0,0.0,4590.0,-436.8000000000002,-9.51633986928105,180.0,0.45,8.0,2.0,0.4,60.0,0.0,False,False
XGBoost,xgboost_tuned,tuned,True,0.8951249487914789,0.6387665198237885,0.7591623036649214,0.69377990430622,0.9335613791069217,0.45,290,164,92,1895,454,6496.0,-1640.0,-5520.0,0.0,4540.0,-664.0,-14.625550660792952,180.0,0.45,8.0,2.0,0.4,60.0,0.0,False,False
XGBoost,xgboost_tuned,tuned,True,0.8959442851290454,0.6422222222222222,0.756544502617801,0.6947115384615384,0.9335613791069217,0.46,289,161,93,1898,450,6473.599999999999,-1610.0,-5580.0,0.0,4500.0,-716.4000000000005,-15.920000000000012,180.0,0.45,8.0,2.0,0.4,60.0,0.0,False,False
XGBoost,xgboost_tuned,tuned,True,0.8963539532978287,0.643652561247216,0.756544502617801,0.6955475330926595,0.9335613791069217,0.47,289,160,93,1899,449,6473.599999999999,-1600.0,-5580.0,0.0,4490.0,-706.4000000000005,-15.732739420935424,180.0,0.45,8.0,2.0,0.4,60.0,0.0,False,False
XGBoost,xgboost_tuned,tuned,True,0.8959442851290454,0.6434977578475336,0.7513089005235603,0.6932367149758454,0.9335613791069217,0.48,287,159,95,1900,446,6428.799999999999,-1590.0,-5700.0,0.0,4460.0,-861.2000000000007,-19.309417040358763,180.0,0.45,8.0,2.0,0.4,60.0,0.0,False,False
XGBoost,xgboost_tuned,tuned,True,0.8963539532978287,0.6462585034013606,0.7460732984293194,0.692588092345079,0.9335613791069217,0.49,285,156,97,1903,441,6384.0,-1560.0,-5820.0,0.0,4410.0,-996.0,-22.585034013605444,180.0,0.45,8.0,2.0,0.4,60.0,0.0,False,False
XGBoost,xgboost_tuned,tuned,True,0.8971732896353953,0.6492027334851936,0.7460732984293194,0.6942752740560292,0.9335613791069217,0.5,285,154,97,1905,439,6384.0,-1540.0,-5820.0,0.0,4390.0,-976.0,-22.232346241457858,180.0,0.45,8.0,2.0,0.4,60.0,0.0,False,False
XGBoost,xgboost_tuned,tuned,True,0.8971732896353953,0.6498855835240275,0.743455497382199,0.6935286935286935,0.9335613791069217,0.51,284,153,98,1906,437,6361.599999999999,-1530.0,-5880.0,0.0,4370.0,-1048.4000000000005,-23.99084668192221,180.0,0.45,8.0,2.0,0.4,60.0,0.0,False,False
XGBoost,xgboost_tuned,tuned,True,0.896763621466612,0.6497695852534562,0.7382198952879581,0.6911764705882353,0.9335613791069217,0.52,282,152,100,1907,434,6316.799999999999,-1520.0,-6000.0,0.0,4340.0,-1203.2000000000007,-27.723502304147484,180.0,0.45,8.0,2.0,0.4,60.0,0.0,False,False
XGBoost,xgboost_tuned,tuned,True,0.899631298648095,0.6604215456674473,0.7382198952879581,0.6971569839307787,0.9335613791069217,0.53,282,145,100,1914,427,6316.799999999999,-1450.0,-6000.0,0.0,4270.0,-1133.2000000000007,-26.538641686182686,180.0,0.45,8.0,2.0,0.4,60.0,0.0,False,True
XGBoost,xgboost_tuned,tuned,True,0.8984022941417452,0.6580188679245284,0.7303664921465969,0.6923076923076923,0.9335613791069217,0.54,279,145,103,1914,424,6249.599999999999,-1450.0,-6180.0,0.0,4240.0,-1380.4000000000005,-32.55660377358492,180.0,0.45,8.0,2.0,0.4,60.0,0.0,False,False
XGBoost,xgboost_tuned,tuned,True,0.8975829578041786,0.6578947368421053,0.7198952879581152,0.6875,0.9335613791069217,0.55,275,143,107,1916,418,6160.0,-1430.0,-6420.0,0.0,4180.0,-1690.0,-40.430622009569376,180.0,0.45,8.0,2.0,0.4,60.0,0.0,False,False
XGBoost,xgboost_tuned,tuned,True,0.8975829578041786,0.6586538461538461,0.7172774869109948,0.6867167919799498,0.9335613791069217,0.56,274,142,108,1917,416,6137.599999999999,-1420.0,-6480.0,0.0,4160.0,-1762.4000000000005,-42.36538461538463,180.0,0.45,8.0,2.0,0.4,60.0,0.0,False,False
XGBoost,xgboost_tuned,tuned,True,0.8988119623105285,0.6642335766423357,0.7146596858638743,0.6885245901639344,0.9335613791069217,0.57,273,138,109,1921,411,6115.2,-1380.0,-6540.0,0.0,4110.0,-1804.8000000000002,-43.91240875912409,180.0,0.45,8.0,2.0,0.4,60.0,0.0,False,False
XGBoost,xgboost_tuned,tuned,True,0.899631298648095,0.6674816625916871,0.7146596858638743,0.6902654867256637,0.9335613791069217,0.58,273,136,109,1923,409,6115.2,-1360.0,-6540.0,0.0,4090.0,-1784.8000000000002,-43.63814180929096,180.0,0.45,8.0,2.0,0.4,60.0,0.0,False,False
XGBoost,xgboost_tuned,tuned,True,0.8988119623105285,0.6666666666666666,0.7068062827225131,0.6861499364675985,0.9335613791069217,0.59,270,135,112,1924,405,6048.0,-1350.0,-6720.0,0.0,4050.0,-2022.0,-49.925925925925924,180.0,0.45,8.0,2.0,0.4,60.0,0.0,False,False
XGBoost,xgboost_tuned,tuned,True,0.8992216304793118,0.67,0.7015706806282722,0.6854219948849105,0.9335613791069217,0.6,268,132,114,1927,400,6003.2,-1320.0,-6840.0,0.0,4000.0,-2156.8,-53.92,180.0,0.45,8.0,2.0,0.4,60.0,0.0,False,False
XGBoost,xgboost_tuned,tuned,True,0.8992216304793118,0.6708542713567839,0.6989528795811518,0.6846153846153846,0.9335613791069217,0.61,267,131,115,1928,398,5980.799999999999,-1310.0,-6900.0,0.0,3980.0,-2229.2000000000007,-56.0100502512563,180.0,0.45,8.0,2.0,0.4,60.0,0.0,False,False
XGBoost,xgboost_tuned,tuned,True,0.8984022941417452,0.6717948717948717,0.6858638743455497,0.6787564766839378,0.9335613791069217,0.62,262,128,120,1931,390,5868.799999999999,-1280.0,-7200.0,0.0,3900.0,-2611.2000000000007,-66.95384615384617,180.0,0.45,8.0,2.0,0.4,60.0,0.0,False,False
XGBoost,xgboost_tuned,tuned,True,0.8988119623105285,0.6762402088772846,0.6780104712041884,0.677124183006536,0.9335613791069217,0.63,259,124,123,1935,383,5801.599999999999,-1240.0,-7380.0,0.0,3830.0,-2818.4000000000005,-73.5874673629243,180.0,0.45,8.0,2.0,0.4,60.0,0.0,False,False
XGBoost,xgboost_tuned,tuned,True,0.899631298648095,0.6816976127320955,0.6727748691099477,0.6772068511198946,0.9335613791069217,0.64,257,120,125,1939,377,5756.799999999999,-1200.0,-7500.0,0.0,3770.0,-2943.2000000000007,-78.0689655172414,180.0,0.45,8.0,2.0,0.4,60.0,0.0,False,False
XGBoost,xgboost_tuned,tuned,True,0.9020893076607948,0.6937669376693767,0.6701570680628273,0.681757656458056,0.9335613791069217,0.65,256,113,126,1946,369,5734.4,-1130.0,-7560.0,0.0,3690.0,-2955.6000000000004,-80.09756097560977,180.0,0.45,8.0,2.0,0.4,60.0,0.0,False,False
XGBoost,xgboost_tuned,tuned,True,0.902498975829578,0.6978021978021978,0.6649214659685864,0.6809651474530831,0.9335613791069217,0.66,254,110,128,1949,364,5689.599999999999,-1100.0,-7680.0,0.0,3640.0,-3090.4000000000005,-84.90109890109892,180.0,0.45,8.0,2.0,0.4,60.0,0.0,False,False
XGBoost,xgboost_tuned,tuned,True,0.9020893076607948,0.7002801120448179,0.6544502617801047,0.6765899864682002,0.9335613791069217,0.67,250,107,132,1952,357,5600.0,-1070.0,-7920.0,0.0,3570.0,-3390.0,-94.9579831932773,180.0,0.45,8.0,2.0,0.4,60.0,0.0,False,False
XGBoost,xgboost_tuned,tuned,True,0.9012699713232282,0.6985915492957746,0.6492146596858639,0.6729986431478969,0.9335613791069217,0.68,248,107,134,1952,355,5555.2,-1070.0,-8040.0,0.0,3550.0,-3554.8,-100.13521126760563,180.0,0.45,8.0,2.0,0.4,60.0,0.0,False,False
XGBoost,xgboost_tuned,tuned,True,0.902498975829578,0.7045454545454546,0.6492146596858639,0.6757493188010899,0.9335613791069217,0.69,248,104,134,1955,352,5555.2,-1040.0,-8040.0,0.0,3520.0,-3524.8,-100.13636363636364,180.0,0.45,8.0,2.0,0.4,60.0,0.0,False,False
XGBoost,xgboost_tuned,tuned,True,0.9012699713232282,0.7043478260869566,0.6361256544502618,0.6685006877579092,0.9335613791069217,0.7,243,102,139,1957,345,5443.2,-1020.0,-8340.0,0.0,3450.0,-3916.8,-113.5304347826087,180.0,0.45,8.0,2.0,0.4,60.0,0.0,False,False
XGBoost,xgboost_tuned,tuned,True,0.9029086439983613,0.7151335311572701,0.6308900523560209,0.6703755215577191,0.9335613791069217,0.71,241,96,141,1963,337,5398.4,-960.0,-8460.0,0.0,3370.0,-4021.6000000000004,-119.33531157270029,180.0,0.45,8.0,2.0,0.4,60.0,0.0,False,False
XGBoost,xgboost_tuned,tuned,True,0.9037279803359279,0.723404255319149,0.6230366492146597,0.6694796061884669,0.9335613791069217,0.72,238,91,144,1968,329,5331.2,-910.0,-8640.0,0.0,3290.0,-4218.8,-128.2310030395137,180.0,0.45,8.0,2.0,0.4,60.0,0.0,False,False
XGBoost,xgboost_tuned,tuned,True,0.9033183121671446,0.7310126582278481,0.6047120418848168,0.66189111747851,0.9335613791069217,0.73,231,85,151,1974,316,5174.4,-850.0,-9060.0,0.0,3160.0,-4735.6,-149.8607594936709,180.0,0.45,8.0,2.0,0.4,60.0,0.0,False,False
XGBoost,xgboost_tuned,tuned,True,0.902498975829578,0.7307692307692307,0.5968586387434555,0.6570605187319885,0.9335613791069217,0.74,228,84,154,1975,312,5107.2,-840.0,-9240.0,0.0,3120.0,-4972.8,-159.3846153846154,180.0,0.45,8.0,2.0,0.4,60.0,0.0,False,False
XGBoost,xgboost_tuned,tuned,True,0.9008603031544449,0.7302631578947368,0.581151832460733,0.6472303206997084,0.9335613791069217,0.75,222,82,160,1977,304,4972.799999999999,-820.0,-9600.0,0.0,3040.0,-5447.200000000001,-179.1842105263158,180.0,0.45,8.0,2.0,0.4,60.0,0.0,False,False
XGBoost,xgboost_tuned,tuned,True,0.9016796394920115,0.7465277777777778,0.56282722513089,0.6417910447761194,0.9335613791069217,0.76,215,73,167,1986,288,4816.0,-730.0,-10020.0,0.0,2880.0,-5934.0,-206.04166666666669,180.0,0.45,8.0,2.0,0.4,60.0,0.0,False,False
XGBoost,xgboost_tuned,tuned,True,0.902498975829578,0.7608695652173914,0.5497382198952879,0.6382978723404256,0.9335613791069217,0.77,210,66,172,1993,276,4704.0,-660.0,-10320.0,0.0,2760.0,-6276.0,-227.3913043478261,180.0,0.45,8.0,2.0,0.4,60.0,0.0,False,False
XGBoost,xgboost_tuned,tuned,True,0.9016796394920115,0.7709923664122137,0.5287958115183246,0.6273291925465838,0.9335613791069217,0.78,202,60,180,1999,262,4524.799999999999,-600.0,-10800.0,0.0,2620.0,-6875.200000000001,-262.41221374045807,180.0,0.45,8.0,2.0,0.4,60.0,0.0,False,False
XGBoost,xgboost_tuned,tuned,True,0.9012699713232282,0.7831325301204819,0.5104712041884817,0.618066561014263,0.9335613791069217,0.79,195,54,187,2005,249,4368.0,-540.0,-11220.0,0.0,2490.0,-7392.0,-296.86746987951807,180.0,0.45,8.0,2.0,0.4,60.0,0.0,False,False
XGBoost,xgboost_tuned,tuned,True,0.8979926259729619,0.7829787234042553,0.4816753926701571,0.5964343598055105,0.9335613791069217,0.8,184,51,198,2008,235,4121.599999999999,-510.0,-11880.0,0.0,2350.0,-8268.400000000001,-351.84680851063837,180.0,0.45,8.0,2.0,0.4,60.0,0.0,False,False
XGBoost,xgboost_tuned,tuned,True,0.8947152806226956,0.7802690582959642,0.45549738219895286,0.5752066115702479,0.9335613791069217,0.81,174,49,208,2010,223,3897.6,-490.0,-12480.0,0.0,2230.0,-9072.4,-406.8340807174888,180.0,0.45,8.0,2.0,0.4,60.0,0.0,False,False
XGBoost,xgboost_tuned,tuned,True,0.8926669397787792,0.7912621359223301,0.42670157068062825,0.5544217687074829,0.9335613791069217,0.82,163,43,219,2016,206,3651.2,-430.0,-13140.0,0.0,2060.0,-9918.8,-481.49514563106794,180.0,0.45,8.0,2.0,0.4,60.0,0.0,False,False
XGBoost,xgboost_tuned,tuned,True,0.8918476034412126,0.8072916666666666,0.40575916230366493,0.5400696864111498,0.9335613791069217,0.83,155,37,227,2022,192,3472.0,-370.0,-13620.0,0.0,1920.0,-10518.0,-547.8125,180.0,0.45,8.0,2.0,0.4,60.0,0.0,False,False
XGBoost,xgboost_tuned,tuned,True,0.8877509217533798,0.8,0.3769633507853403,0.5124555160142349,0.9335613791069217,0.84,144,36,238,2023,180,3225.6,-360.0,-14280.0,0.0,1800.0,-11414.4,-634.1333333333333,180.0,0.45,8.0,2.0,0.4,60.0,0.0,False,False
XGBoost,xgboost_tuned,tuned,True,0.8832445718967636,0.8012422360248447,0.337696335078534,0.47513812154696133,0.9335613791069217,0.85,129,32,253,2027,161,2889.6,-320.0,-15180.0,0.0,1610.0,-12610.4,-783.2546583850932,180.0,0.45,8.0,2.0,0.4,60.0,0.0,False,False
XGBoost,xgboost_tuned,tuned,True,0.8816058992216305,0.8120805369127517,0.31675392670157065,0.455743879472693,0.9335613791069217,0.86,121,28,261,2031,149,2710.3999999999996,-280.0,-15660.0,0.0,1490.0,-13229.6,-887.8926174496645,180.0,0.45,8.0,2.0,0.4,60.0,0.0,False,False
XGBoost,xgboost_tuned,tuned,True,0.8803768947152806,0.8308823529411765,0.29581151832460734,0.4362934362934363,0.9335613791069217,0.87,113,23,269,2036,136,2531.2,-230.0,-16140.0,0.0,1360.0,-13838.8,-1017.5588235294118,180.0,0.45,8.0,2.0,0.4,60.0,0.0,False,False
XGBoost,xgboost_tuned,tuned,True,0.876689881196231,0.8403361344537815,0.2617801047120419,0.3992015968063872,0.9335613791069217,0.88,100,19,282,2040,119,2240.0,-190.0,-16920.0,0.0,1190.0,-14870.0,-1249.579831932773,180.0,0.45,8.0,2.0,0.4,60.0,0.0,False,False
XGBoost,xgboost_tuned,tuned,True,0.8754608766898812,0.8482142857142857,0.2486910994764398,0.38461538461538464,0.9335613791069217,0.89,95,17,287,2042,112,2128.0,-170.0,-17220.0,0.0,1120.0,-15262.0,-1362.6785714285716,180.0,0.45,8.0,2.0,0.4,60.0,0.0,False,False
XGBoost,xgboost_tuned,tuned,True,0.8738222040147481,0.8854166666666666,0.22251308900523561,0.35564853556485354,0.9335613791069217,0.9,85,11,297,2048,96,1903.9999999999998,-110.0,-17820.0,0.0,960.0,-16026.0,-1669.3750000000002,180.0,0.45,8.0,2.0,0.4,60.0,0.0,False,False
XGBoost,xgboost_tuned,tuned,True,0.870954526833265,0.8850574712643678,0.20157068062827224,0.3283582089552239,0.9335613791069217,0.91,77,10,305,2049,87,1724.8,-100.0,-18300.0,0.0,870.0,-16675.2,-1916.689655172414,180.0,0.45,8.0,2.0,0.4,60.0,0.0,False,False
XGBoost,xgboost_tuned,tuned,True,0.8701351904956984,0.9113924050632911,0.18848167539267016,0.3123644251626898,0.9335613791069217,0.92,72,7,310,2052,79,1612.8,-70.0,-18600.0,0.0,790.0,-17057.2,-2159.1392405063293,180.0,0.45,8.0,2.0,0.4,60.0,0.0,False,False
XGBoost,xgboost_tuned,tuned,True,0.8668578451454322,0.9130434782608695,0.1649214659685864,0.2793791574279379,0.9335613791069217,0.93,63,6,319,2053,69,1411.1999999999998,-60.0,-19140.0,0.0,690.0,-17788.8,-2578.086956521739,180.0,0.45,8.0,2.0,0.4,60.0,0.0,False,False
XGBoost,xgboost_tuned,tuned,True,0.8627611634575993,0.9272727272727272,0.13350785340314136,0.2334096109839817,0.9335613791069217,0.94,51,4,331,2055,55,1142.3999999999999,-40.0,-19860.0,0.0,550.0,-18757.6,-3410.472727272727,180.0,0.45,8.0,2.0,0.4,60.0,0.0,False,False
XGBoost,xgboost_tuned,tuned,True,0.85661614092585,0.9705882352941176,0.08638743455497382,0.15865384615384615,0.9335613791069217,0.95,33,1,349,2058,34,739.1999999999999,-10.0,-20940.0,0.0,340.0,-20210.8,-5944.35294117647,180.0,0.45,8.0,2.0,0.4,60.0,0.0,False,False
LightGBM,lightgbm_tuned,tuned,False,0.6546497337156902,0.3102880658436214,0.9869109947643979,0.47213525360050096,0.9353909156328111,0.05,377,838,5,1221,1215,8444.8,-8380.0,-300.0,0.0,12150.0,-235.20000000000073,-1.9358024691358082,180.0,0.45,8.0,2.0,0.4,60.0,0.0,False,False
LightGBM,lightgbm_tuned,tuned,False,0.6775911511675543,0.3246753246753247,0.981675392670157,0.48796356538711777,0.9353909156328111,0.06,375,780,7,1279,1155,8400.0,-7800.0,-420.0,0.0,11550.0,180.0,1.5584415584415585,180.0,0.45,8.0,2.0,0.4,60.0,0.0,False,False
LightGBM,lightgbm_tuned,tuned,False,0.680049160180254,0.3263707571801567,0.981675392670157,0.48987589810581317,0.9353909156328111,0.07,375,774,7,1285,1149,8400.0,-7740.0,-420.0,0.0,11490.0,240.0,2.088772845953003,180.0,0.45,8.0,2.0,0.4,60.0,0.0,False,False
LightGBM,lightgbm_tuned,tuned,False,0.688652191724703,0.3315508021390374,0.9738219895287958,0.4946808510638298,0.9353909156328111,0.08,372,750,10,1309,1122,8332.8,-7500.0,-600.0,0.0,11220.0,232.79999999999927,2.074866310160421,180.0,0.45,8.0,2.0,0.4,60.0,0.0,False,False
LightGBM,lightgbm_tuned,tuned,False,0.6952068824252355,0.33634719710669075,0.9738219895287958,0.5,0.9353909156328111,0.09,372,734,10,1325,1106,8332.8,-7340.0,-600.0,0.0,11060.0,392.7999999999993,3.5515370705244056,180.0,0.45,8.0,2.0,0.4,60.0,0.0,False,False
LightGBM,lightgbm_tuned,tuned,False,0.7160999590331831,0.3520456707897241,0.9685863874345549,0.5163991625959525,0.9353909156328111,0.1,370,681,12,1378,1051,8288.0,-6810.0,-720.0,0.0,10510.0,758.0,7.212178877259752,180.0,0.45,8.0,2.0,0.4,60.0,0.0,False,False
LightGBM,lightgbm_tuned,tuned,False,0.7255223269151987,0.3588235294117647,0.9581151832460733,0.5221112696148359,0.9353909156328111,0.11,366,654,16,1405,1020,8198.4,-6540.0,-960.0,0.0,10200.0,698.3999999999996,6.847058823529409,180.0,0.45,8.0,2.0,0.4,60.0,0.0,False,False
LightGBM,lightgbm_tuned,tuned,False,0.746005735354363,0.3762993762993763,0.9476439790575916,0.5386904761904762,0.9353909156328111,0.12,362,600,20,1459,962,8108.799999999999,-6000.0,-1200.0,0.0,9620.0,908.7999999999993,9.44698544698544,180.0,0.45,8.0,2.0,0.4,60.0,0.0,False,False
LightGBM,lightgbm_tuned,tuned,False,0.7738631708316264,0.40384615384615385,0.9345549738219895,0.5639810426540285,0.9353909156328111,0.13,357,527,25,1532,884,7996.799999999999,-5270.0,-1500.0,0.0,8840.0,1226.7999999999993,13.877828054298636,180.0,0.45,8.0,2.0,0.4,60.0,0.0,False,False
LightGBM,lightgbm_tuned,tuned,False,0.7951659156083573,0.42857142857142855,0.9267015706806283,0.5860927152317881,0.9353909156328111,0.14,354,472,28,1587,826,7929.599999999999,-4720.0,-1680.0,0.0,8260.0,1529.5999999999995,18.518159806295394,180.0,0.45,8.0,2.0,0.4,60.0,0.0,True,False
LightGBM,lightgbm_tuned,tuned,False,0.8099139696845555,0.44743589743589746,0.9136125654450262,0.6006884681583476,0.9353909156328111,0.15,349,431,33,1628,780,7817.599999999999,-4310.0,-1980.0,0.0,7800.0,1527.5999999999995,19.58461538461538,180.0,0.45,8.0,2.0,0.4,60.0,0.0,False,False
LightGBM,lightgbm_tuned,tuned,False,0.8213846784104875,0.4636118598382749,0.900523560209424,0.6120996441281139,0.9353909156328111,0.16,344,398,38,1661,742,7705.599999999999,-3980.0,-2280.0,0.0,7420.0,1445.5999999999995,19.482479784366568,180.0,0.45,8.0,2.0,0.4,60.0,0.0,False,False
LightGBM,lightgbm_tuned,tuned,False,0.8312167144612863,0.4788135593220339,0.887434554973822,0.6220183486238532,0.9353909156328111,0.17,339,369,43,1690,708,7593.599999999999,-3690.0,-2580.0,0.0,7080.0,1323.5999999999995,18.69491525423728,180.0,0.45,8.0,2.0,0.4,60.0,0.0,False,False
LightGBM,lightgbm_tuned,tuned,False,0.8430970913560016,0.4992548435171386,0.8769633507853403,0.6362773029439696,0.9353909156328111,0.18,335,336,47,1723,671,7503.999999999999,-3360.0,-2820.0,0.0,6710.0,1323.999999999999,19.731743666169884,180.0,0.45,8.0,2.0,0.4,60.0,0.0,False,False
LightGBM,lightgbm_tuned,tuned,False,0.849242113887751,0.5108024691358025,0.8664921465968587,0.6427184466019418,0.9353909156328111,0.19,331,317,51,1742,648,7414.4,-3170.0,-3060.0,0.0,6480.0,1184.3999999999996,18.277777777777775,180.0,0.45,8.0,2.0,0.4,60.0,0.0,False,False
LightGBM,lightgbm_tuned,tuned,False,0.8586644817697665,0.529886914378029,0.8586387434554974,0.6553446553446554,0.9353909156328111,0.2,328,291,54,1768,619,7347.2,-2910.0,-3240.0,0.0,6190.0,1197.1999999999998,19.340872374798057,180.0,0.45,8.0,2.0,0.4,60.0,0.0,False,False
LightGBM,lightgbm_tuned,tuned,False,0.8656288406390823,0.5460750853242321,0.837696335078534,0.6611570247933884,0.9353909156328111,0.21,320,266,62,1793,586,7168.0,-2660.0,-3720.0,0.0,5860.0,788.0,13.447098976109215,180.0,0.45,8.0,2.0,0.4,60.0,0.0,False,False
LightGBM,lightgbm_tuned,tuned,False,0.8713641950020483,0.5602836879432624,0.8272251308900523,0.6680761099365751,0.9353909156328111,0.22,316,248,66,1811,564,7078.4,-2480.0,-3960.0,0.0,5640.0,638.3999999999996,11.319148936170206,180.0,0.45,8.0,2.0,0.4,60.0,0.0,False,False
LightGBM,lightgbm_tuned,tuned,False,0.8734125358459648,0.566003616636528,0.819371727748691,0.6695187165775401,0.9353909156328111,0.23,313,240,69,1819,553,7011.2,-2400.0,-4140.0,0.0,5530.0,471.1999999999998,8.520795660036164,180.0,0.45,8.0,2.0,0.4,60.0,0.0,False,False
LightGBM,lightgbm_tuned,tuned,False,0.876689881196231,0.574585635359116,0.8167539267015707,0.6745945945945946,0.9353909156328111,0.24,312,231,70,1828,543,6988.799999999999,-2310.0,-4200.0,0.0,5430.0,478.7999999999993,8.817679558011037,180.0,0.45,8.0,2.0,0.4,60.0,0.0,False,False
LightGBM,lightgbm_tuned,tuned,False,0.8807865628840639,0.5863377609108159,0.8089005235602095,0.6798679867986799,0.9353909156328111,0.25,309,218,73,1841,527,6921.599999999999,-2180.0,-4380.0,0.0,5270.0,361.59999999999945,6.8614800759013175,180.0,0.45,8.0,2.0,0.4,60.0,0.0,False,False
LightGBM,lightgbm_tuned,tuned,False,0.8807865628840639,0.5869980879541109,0.8036649214659686,0.6784530386740332,0.9353909156328111,0.26,307,216,75,1843,523,6876.799999999999,-2160.0,-4500.0,0.0,5230.0,216.79999999999927,4.145315487571688,180.0,0.45,8.0,2.0,0.4,60.0,0.0,False,False
LightGBM,lightgbm_tuned,tuned,False,0.8816058992216305,0.5902912621359223,0.7958115183246073,0.6778149386845039,0.9353909156328111,0.27,304,211,78,1848,515,6809.599999999999,-2110.0,-4680.0,0.0,5150.0,19.599999999999454,0.3805825242718341,180.0,0.45,8.0,2.0,0.4,60.0,0.0,False,False
LightGBM,lightgbm_tuned,tuned,False,0.8836542400655469,0.596078431372549,0.7958115183246073,0.6816143497757847,0.9353909156328111,0.28,304,206,78,1853,510,6809.599999999999,-2060.0,-4680.0,0.0,5100.0,69.59999999999945,1.3647058823529306,180.0,0.45,8.0,2.0,0.4,60.0,0.0,False,False
LightGBM,lightgbm_tuned,tuned,False,0.8836542400655469,0.5983935742971888,0.7801047120418848,0.6772727272727272,0.9353909156328111,0.29,298,200,84,1859,498,6675.2,-2000.0,-5040.0,0.0,4980.0,-364.8000000000002,-7.32530120481928,180.0,0.45,8.0,2.0,0.4,60.0,0.0,False,False
LightGBM,lightgbm_tuned,tuned,False,0.8836542400655469,0.5991902834008097,0.774869109947644,0.6757990867579908,0.9353909156328111,0.3,296,198,86,1861,494,6630.4,-1980.0,-5160.0,0.0,4940.0,-509.60000000000036,-10.315789473684218,180.0,0.45,8.0,2.0,0.4,60.0,0.0,False,False
LightGBM,lightgbm_tuned,tuned,False,0.88529291274068,0.6040816326530613,0.774869109947644,0.6788990825688074,0.9353909156328111,0.31,296,194,86,1865,490,6630.4,-1940.0,-5160.0,0.0,4900.0,-469.60000000000036,-9.583673469387763,180.0,0.45,8.0,2.0,0.4,60.0,0.0,False,False
LightGBM,lightgbm_tuned,tuned,False,0.8857025809094633,0.6053169734151329,0.774869109947644,0.6796785304247991,0.9353909156328111,0.32,296,193,86,1866,489,6630.4,-1930.0,-5160.0,0.0,4890.0,-459.60000000000036,-9.398773006134977,180.0,0.45,8.0,2.0,0.4,60.0,0.0,False,False
LightGBM,lightgbm_tuned,tuned,False,0.8869315854158132,0.6090534979423868,0.774869109947644,0.6820276497695853,0.9353909156328111,0.33,296,190,86,1869,486,6630.4,-1900.0,-5160.0,0.0,4860.0,-429.60000000000036,-8.839506172839513,180.0,0.45,8.0,2.0,0.4,60.0,0.0,False,False
LightGBM,lightgbm_tuned,tuned,False,0.8881605899221631,0.6128364389233955,0.774869109947644,0.684393063583815,0.9353909156328111,0.34,296,187,86,1872,483,6630.4,-1870.0,-5160.0,0.0,4830.0,-399.60000000000036,-8.273291925465847,180.0,0.45,8.0,2.0,0.4,60.0,0.0,False,False
LightGBM,lightgbm_tuned,tuned,False,0.8897992625972961,0.6179540709812108,0.774869109947644,0.6875725900116144,0.9353909156328111,0.35,296,183,86,1876,479,6630.4,-1830.0,-5160.0,0.0,4790.0,-359.60000000000036,-7.507306889352826,180.0,0.45,8.0,2.0,0.4,60.0,0.0,False,False
LightGBM,lightgbm_tuned,tuned,False,0.8906185989348627,0.6210526315789474,0.7722513089005235,0.6884480746791132,0.9353909156328111,0.36,295,180,87,1879,475,6608.0,-1800.0,-5220.0,0.0,4750.0,-412.0,-8.673684210526316,180.0,0.45,8.0,2.0,0.4,60.0,0.0,False,False
LightGBM,lightgbm_tuned,tuned,False,0.891028267103646,0.6223628691983122,0.7722513089005235,0.6892523364485982,0.9353909156328111,0.37,295,179,87,1880,474,6608.0,-1790.0,-5220.0,0.0,4740.0,-402.0,-8.481012658227847,180.0,0.45,8.0,2.0,0.4,60.0,0.0,False,False
LightGBM,lightgbm_tuned,tuned,False,0.8914379352724293,0.6236786469344608,0.7722513089005235,0.6900584795321637,0.9353909156328111,0.38,295,178,87,1881,473,6608.0,-1780.0,-5220.0,0.0,4730.0,-392.0,-8.28752642706131,180.0,0.45,8.0,2.0,0.4,60.0,0.0,False,False
LightGBM,lightgbm_tuned,tuned,False,0.8902089307660794,0.6212765957446809,0.7643979057591623,0.6854460093896714,0.9353909156328111,0.39,292,178,90,1881,470,6540.799999999999,-1780.0,-5400.0,0.0,4700.0,-639.2000000000007,-13.600000000000016,180.0,0.45,8.0,2.0,0.4,60.0,0.0,False,False
LightGBM,lightgbm_tuned,tuned,False,0.8906185989348627,0.6231263383297645,0.7617801047120419,0.6855123674911661,0.9353909156328111,0.4,291,176,91,1883,467,6518.4,-1760.0,-5460.0,0.0,4670.0,-701.6000000000004,-15.023554603854397,180.0,0.45,8.0,2.0,0.4,60.0,0.0,False,False
LightGBM,lightgbm_tuned,tuned,False,0.8930766079475625,0.631236442516269,0.7617801047120419,0.6903914590747331,0.9353909156328111,0.41,291,170,91,1889,461,6518.4,-1700.0,-5460.0,0.0,4610.0,-641.6000000000004,-13.91757049891541,180.0,0.45,8.0,2.0,0.4,60.0,0.0,False,False
LightGBM,lightgbm_tuned,tuned,False,0.8930766079475625,0.6318082788671024,0.7591623036649214,0.6896551724137931,0.9353909156328111,0.42,290,169,92,1890,459,6496.0,-1690.0,-5520.0,0.0,4590.0,-714.0,-15.555555555555555,180.0,0.45,8.0,2.0,0.4,60.0,0.0,False,False
LightGBM,lightgbm_tuned,tuned,False,0.8934862761163458,0.6337719298245614,0.756544502617801,0.6897374701670644,0.9353909156328111,0.43,289,167,93,1892,456,6473.599999999999,-1670.0,-5580.0,0.0,4560.0,-776.4000000000005,-17.026315789473696,180.0,0.45,8.0,2.0,0.4,60.0,0.0,False,False
LightGBM,lightgbm_tuned,tuned,False,0.8943056124539124,0.6365638766519823,0.756544502617801,0.6913875598086124,0.9353909156328111,0.44,289,165,93,1894,454,6473.599999999999,-1650.0,-5580.0,0.0,4540.0,-756.4000000000005,-16.66079295154186,180.0,0.45,8.0,2.0,0.4,60.0,0.0,False,False
LightGBM,lightgbm_tuned,tuned,False,0.8943056124539124,0.6365638766519823,0.756544502617801,0.6913875598086124,0.9353909156328111,0.45,289,165,93,1894,454,6473.599999999999,-1650.0,-5580.0,0.0,4540.0,-756.4000000000005,-16.66079295154186,180.0,0.45,8.0,2.0,0.4,60.0,0.0,False,False
LightGBM,lightgbm_tuned,tuned,False,0.8938959442851291,0.6357615894039735,0.7539267015706806,0.6898203592814371,0.9353909156328111,0.46,288,165,94,1894,453,6451.2,-1650.0,-5640.0,0.0,4530.0,-838.8000000000002,-18.51655629139073,180.0,0.45,8.0,2.0,0.4,60.0,0.0,False,False
LightGBM,lightgbm_tuned,tuned,False,0.8951249487914789,0.64,0.7539267015706806,0.6923076923076923,0.9353909156328111,0.47,288,162,94,1897,450,6451.2,-1620.0,-5640.0,0.0,4500.0,-808.8000000000002,-17.97333333333334,180.0,0.45,8.0,2.0,0.4,60.0,0.0,False,False
LightGBM,lightgbm_tuned,tuned,False,0.8971732896353953,0.647191011235955,0.7539267015706806,0.6964933494558646,0.9353909156328111,0.48,288,157,94,1902,445,6451.2,-1570.0,-5640.0,0.0,4450.0,-758.8000000000002,-17.05168539325843,180.0,0.45,8.0,2.0,0.4,60.0,0.0,False,False
LightGBM,lightgbm_tuned,tuned,False,0.8979926259729619,0.6501128668171557,0.7539267015706806,0.6981818181818182,0.9353909156328111,0.49,288,155,94,1904,443,6451.2,-1550.0,-5640.0,0.0,4430.0,-738.8000000000002,-16.67720090293454,180.0,0.45,8.0,2.0,0.4,60.0,0.0,False,False
LightGBM,lightgbm_tuned,tuned,False,0.8975829578041786,0.65,0.7486910994764397,0.6958637469586375,0.9353909156328111,0.5,286,154,96,1905,440,6406.4,-1540.0,-5760.0,0.0,4400.0,-893.6000000000004,-20.30909090909092,180.0,0.45,8.0,2.0,0.4,60.0,0.0,False,False
LightGBM,lightgbm_tuned,tuned,False,0.8988119623105285,0.6544622425629291,0.7486910994764397,0.6984126984126984,0.9353909156328111,0.51,286,151,96,1908,437,6406.4,-1510.0,-5760.0,0.0,4370.0,-863.6000000000004,-19.762013729977124,180.0,0.45,8.0,2.0,0.4,60.0,0.0,False,True
LightGBM,lightgbm_tuned,tuned,False,0.8988119623105285,0.6544622425629291,0.7486910994764397,0.6984126984126984,0.9353909156328111,0.52,286,151,96,1908,437,6406.4,-1510.0,-5760.0,0.0,4370.0,-863.6000000000004,-19.762013729977124,180.0,0.45,8.0,2.0,0.4,60.0,0.0,False,True
LightGBM,lightgbm_tuned,tuned,False,0.896763621466612,0.6504629629629629,0.7356020942408377,0.6904176904176904,0.9353909156328111,0.53,281,151,101,1908,432,6294.4,-1510.0,-6060.0,0.0,4320.0,-1275.6000000000004,-29.527777777777786,180.0,0.45,8.0,2.0,0.4,60.0,0.0,False,False
LightGBM,lightgbm_tuned,tuned,False,0.896763621466612,0.6525821596244131,0.7277486910994765,0.6881188118811881,0.9353909156328111,0.54,278,148,104,1911,426,6227.2,-1480.0,-6240.0,0.0,4260.0,-1492.8000000000002,-35.04225352112677,180.0,0.45,8.0,2.0,0.4,60.0,0.0,False,False
LightGBM,lightgbm_tuned,tuned,False,0.8984022941417452,0.6610576923076923,0.7198952879581152,0.6892230576441103,0.9353909156328111,0.55,275,141,107,1918,416,6160.0,-1410.0,-6420.0,0.0,4160.0,-1670.0,-40.144230769230774,180.0,0.45,8.0,2.0,0.4,60.0,0.0,False,False
LightGBM,lightgbm_tuned,tuned,False,0.8984022941417452,0.662621359223301,0.7146596858638743,0.6876574307304786,0.9353909156328111,0.56,273,139,109,1920,412,6115.2,-1390.0,-6540.0,0.0,4120.0,-1814.8000000000002,-44.04854368932039,180.0,0.45,8.0,2.0,0.4,60.0,0.0,False,False
LightGBM,lightgbm_tuned,tuned,False,0.8984022941417452,0.6642156862745098,0.7094240837696335,0.6860759493670886,0.9353909156328111,0.57,271,137,111,1922,408,6070.4,-1370.0,-6660.0,0.0,4080.0,-1959.6000000000004,-48.02941176470589,180.0,0.45,8.0,2.0,0.4,60.0,0.0,False,False
LightGBM,lightgbm_tuned,tuned,False,0.899631298648095,0.6691358024691358,0.7094240837696335,0.6886912325285895,0.9353909156328111,0.58,271,134,111,1925,405,6070.4,-1340.0,-6660.0,0.0,4050.0,-1929.6000000000004,-47.64444444444445,180.0,0.45,8.0,2.0,0.4,60.0,0.0,False,False
LightGBM,lightgbm_tuned,tuned,False,0.8992216304793118,0.67,0.7015706806282722,0.6854219948849105,0.9353909156328111,0.59,268,132,114,1927,400,6003.2,-1320.0,-6840.0,0.0,4000.0,-2156.8,-53.92,180.0,0.45,8.0,2.0,0.4,60.0,0.0,False,False
LightGBM,lightgbm_tuned,tuned,False,0.8992216304793118,0.6717171717171717,0.6963350785340314,0.6838046272493573,0.9353909156328111,0.6,266,130,116,1929,396,5958.4,-1300.0,-6960.0,0.0,3960.0,-2301.6000000000004,-58.12121212121213,180.0,0.45,8.0,2.0,0.4,60.0,0.0,False,False
LightGBM,lightgbm_tuned,tuned,False,0.9000409668168783,0.6760204081632653,0.693717277486911,0.6847545219638242,0.9353909156328111,0.61,265,127,117,1932,392,5936.0,-1270.0,-7020.0,0.0,3920.0,-2354.0,-60.05102040816327,180.0,0.45,8.0,2.0,0.4,60.0,0.0,False,False
LightGBM,lightgbm_tuned,tuned,False,0.9000409668168783,0.6778350515463918,0.6884816753926701,0.6831168831168831,0.9353909156328111,0.62,263,125,119,1934,388,5891.2,-1250.0,-7140.0,0.0,3880.0,-2498.8,-64.40206185567011,180.0,0.45,8.0,2.0,0.4,60.0,0.0,False,False
LightGBM,lightgbm_tuned,tuned,False,0.9000409668168783,0.6787564766839378,0.6858638743455497,0.6822916666666666,0.9353909156328111,0.63,262,124,120,1935,386,5868.799999999999,-1240.0,-7200.0,0.0,3860.0,-2571.2000000000007,-66.61139896373058,180.0,0.45,8.0,2.0,0.4,60.0,0.0,False,False
LightGBM,lightgbm_tuned,tuned,False,0.9012699713232282,0.6850393700787402,0.6832460732984293,0.6841415465268676,0.9353909156328111,0.64,261,120,121,1939,381,5846.4,-1200.0,-7260.0,0.0,3810.0,-2613.6000000000004,-68.5984251968504,180.0,0.45,8.0,2.0,0.4,60.0,0.0,False,False
LightGBM,lightgbm_tuned,tuned,False,0.9029086439983613,0.6954177897574124,0.675392670157068,0.6852589641434262,0.9353909156328111,0.65,258,113,124,1946,371,5779.2,-1130.0,-7440.0,0.0,3710.0,-2790.8,-75.22371967654988,180.0,0.45,8.0,2.0,0.4,60.0,0.0,False,False
LightGBM,lightgbm_tuned,tuned,False,0.902498975829578,0.6956521739130435,0.6701570680628273,0.6826666666666666,0.9353909156328111,0.66,256,112,126,1947,368,5734.4,-1120.0,-7560.0,0.0,3680.0,-2945.6000000000004,-80.04347826086958,180.0,0.45,8.0,2.0,0.4,60.0,0.0,False,False
LightGBM,lightgbm_tuned,tuned,False,0.902498975829578,0.6978021978021978,0.6649214659685864,0.6809651474530831,0.9353909156328111,0.67,254,110,128,1949,364,5689.599999999999,-1100.0,-7680.0,0.0,3640.0,-3090.4000000000005,-84.90109890109892,180.0,0.45,8.0,2.0,0.4,60.0,0.0,False,False
LightGBM,lightgbm_tuned,tuned,False,0.9020893076607948,0.6991643454038997,0.6570680628272252,0.6774628879892037,0.9353909156328111,0.68,251,108,131,1951,359,5622.4,-1080.0,-7860.0,0.0,3590.0,-3317.6000000000004,-92.41225626740948,180.0,0.45,8.0,2.0,0.4,60.0,0.0,False,False
LightGBM,lightgbm_tuned,tuned,False,0.9029086439983613,0.704225352112676,0.6544502617801047,0.6784260515603799,0.9353909156328111,0.69,250,105,132,1954,355,5600.0,-1050.0,-7920.0,0.0,3550.0,-3370.0,-94.92957746478872,180.0,0.45,8.0,2.0,0.4,60.0,0.0,False,False
LightGBM,lightgbm_tuned,tuned,False,0.9045473166734944,0.7146974063400576,0.6492146596858639,0.6803840877914952,0.9353909156328111,0.7,248,99,134,1960,347,5555.2,-990.0,-8040.0,0.0,3470.0,-3474.8,-100.13832853025937,180.0,0.45,8.0,2.0,0.4,60.0,0.0,False,False
LightGBM,lightgbm_tuned,tuned,False,0.9049569848422777,0.7180232558139535,0.6465968586387435,0.6804407713498623,0.9353909156328111,0.71,247,97,135,1962,344,5532.799999999999,-970.0,-8100.0,0.0,3440.0,-3537.2000000000007,-102.82558139534885,180.0,0.45,8.0,2.0,0.4,60.0,0.0,False,False
LightGBM,lightgbm_tuned,tuned,False,0.9057763211798443,0.7235294117647059,0.643979057591623,0.6814404432132964,0.9353909156328111,0.72,246,94,136,1965,340,5510.4,-940.0,-8160.0,0.0,3400.0,-3589.6000000000004,-105.5764705882353,180.0,0.45,8.0,2.0,0.4,60.0,0.0,False,False
LightGBM,lightgbm_tuned,tuned,False,0.9057763211798443,0.7275449101796407,0.6361256544502618,0.6787709497206704,0.9353909156328111,0.73,243,91,139,1968,334,5443.2,-910.0,-8340.0,0.0,3340.0,-3806.8,-113.97604790419163,180.0,0.45,8.0,2.0,0.4,60.0,0.0,False,False
LightGBM,lightgbm_tuned,tuned,False,0.902498975829578,0.7222222222222222,0.612565445026178,0.6628895184135978,0.9353909156328111,0.74,234,90,148,1969,324,5241.599999999999,-900.0,-8880.0,0.0,3240.0,-4538.400000000001,-140.07407407407408,180.0,0.45,8.0,2.0,0.4,60.0,0.0,False,False
LightGBM,lightgbm_tuned,tuned,False,0.9000409668168783,0.7211538461538461,0.5890052356020943,0.6484149855907781,0.9353909156328111,0.75,225,87,157,1972,312,5040.0,-870.0,-9420.0,0.0,3120.0,-5250.0,-168.26923076923077,180.0,0.45,8.0,2.0,0.4,60.0,0.0,False,False
LightGBM,lightgbm_tuned,tuned,False,0.899631298648095,0.7245901639344262,0.5785340314136126,0.6433770014556041,0.9353909156328111,0.76,221,84,161,1975,305,4950.4,-840.0,-9660.0,0.0,3050.0,-5549.6,-181.95409836065573,180.0,0.45,8.0,2.0,0.4,60.0,0.0,False,False
LightGBM,lightgbm_tuned,tuned,False,0.9037279803359279,0.7525773195876289,0.5732984293193717,0.6508172362555721,0.9353909156328111,0.77,219,72,163,1987,291,4905.599999999999,-720.0,-9780.0,0.0,2910.0,-5594.400000000001,-192.2474226804124,180.0,0.45,8.0,2.0,0.4,60.0,0.0,False,False
LightGBM,lightgbm_tuned,tuned,False,0.9045473166734944,0.7651245551601423,0.56282722513089,0.6485671191553545,0.9353909156328111,0.78,215,66,167,1993,281,4816.0,-660.0,-10020.0,0.0,2810.0,-5864.0,-208.6832740213523,180.0,0.45,8.0,2.0,0.4,60.0,0.0,False,False
LightGBM,lightgbm_tuned,tuned,False,0.9045473166734944,0.7811320754716982,0.5418848167539267,0.6398763523956723,0.9353909156328111,0.79,207,58,175,2001,265,4636.799999999999,-580.0,-10500.0,0.0,2650.0,-6443.200000000001,-243.13962264150945,180.0,0.45,8.0,2.0,0.4,60.0,0.0,False,False
LightGBM,lightgbm_tuned,tuned,False,0.905366653011061,0.8032128514056225,0.5235602094240838,0.6339144215530903,0.9353909156328111,0.8,200,49,182,2010,249,4480.0,-490.0,-10920.0,0.0,2490.0,-6930.0,-278.31325301204816,180.0,0.45,8.0,2.0,0.4,60.0,0.0,False,False
LightGBM,lightgbm_tuned,tuned,False,0.9020893076607948,0.8016877637130801,0.4973821989528796,0.6138933764135702,0.9353909156328111,0.81,190,47,192,2012,237,4256.0,-470.0,-11520.0,0.0,2370.0,-7734.0,-326.32911392405066,180.0,0.45,8.0,2.0,0.4,60.0,0.0,False,False
LightGBM,lightgbm_tuned,tuned,False,0.9016796394920115,0.8114035087719298,0.48429319371727747,0.6065573770491803,0.9353909156328111,0.82,185,43,197,2016,228,4144.0,-430.0,-11820.0,0.0,2280.0,-8106.0,-355.5263157894737,180.0,0.45,8.0,2.0,0.4,60.0,0.0,False,False
LightGBM,lightgbm_tuned,tuned,False,0.899631298648095,0.8071748878923767,0.4712041884816754,0.5950413223140496,0.9353909156328111,0.83,180,43,202,2016,223,4031.9999999999995,-430.0,-12120.0,0.0,2230.0,-8518.0,-381.9730941704036,180.0,0.45,8.0,2.0,0.4,60.0,0.0,False,False
LightGBM,lightgbm_tuned,tuned,False,0.8959442851290454,0.8047619047619048,0.4424083769633508,0.5709459459459459,0.9353909156328111,0.84,169,41,213,2018,210,3785.6,-410.0,-12780.0,0.0,2100.0,-9404.4,-447.82857142857137,180.0,0.45,8.0,2.0,0.4,60.0,0.0,False,False
LightGBM,lightgbm_tuned,tuned,False,0.8947152806226956,0.8272251308900523,0.41361256544502617,0.5514834205933682,0.9353909156328111,0.85,158,33,224,2026,191,3539.2,-330.0,-13440.0,0.0,1910.0,-10230.8,-535.6439790575915,180.0,0.45,8.0,2.0,0.4,60.0,0.0,False,False
LightGBM,lightgbm_tuned,tuned,False,0.8930766079475625,0.8457142857142858,0.387434554973822,0.5314183123877917,0.9353909156328111,0.86,148,27,234,2032,175,3315.2,-270.0,-14040.0,0.0,1750.0,-10994.8,-628.2742857142857,180.0,0.45,8.0,2.0,0.4,60.0,0.0,False,False
LightGBM,lightgbm_tuned,tuned,False,0.8848832445718967,0.8389261744966443,0.32722513089005234,0.4708097928436911,0.9353909156328111,0.87,125,24,257,2035,149,2800.0,-240.0,-15420.0,0.0,1490.0,-12860.0,-863.0872483221477,180.0,0.45,8.0,2.0,0.4,60.0,0.0,False,False
LightGBM,lightgbm_tuned,tuned,False,0.8840639082343302,0.8666666666666667,0.306282722513089,0.4526112185686654,0.9353909156328111,0.88,117,18,265,2041,135,2620.7999999999997,-180.0,-15900.0,0.0,1350.0,-13459.2,-996.9777777777779,180.0,0.45,8.0,2.0,0.4,60.0,0.0,False,False
LightGBM,lightgbm_tuned,tuned,False,0.8803768947152806,0.8879310344827587,0.2696335078534031,0.41365461847389556,0.9353909156328111,0.89,103,13,279,2046,116,2307.2,-130.0,-16740.0,0.0,1160.0,-14562.8,-1255.4137931034481,180.0,0.45,8.0,2.0,0.4,60.0,0.0,False,False
LightGBM,lightgbm_tuned,tuned,False,0.876689881196231,0.8932038834951457,0.24083769633507854,0.37938144329896906,0.9353909156328111,0.9,92,11,290,2048,103,2060.7999999999997,-110.0,-17400.0,0.0,1030.0,-15449.2,-1499.9223300970873,180.0,0.45,8.0,2.0,0.4,60.0,0.0,False,False
LightGBM,lightgbm_tuned,tuned,False,0.8725931995083982,0.898876404494382,0.2094240837696335,0.33970276008492567,0.9353909156328111,0.91,80,9,302,2050,89,1792.0,-90.0,-18120.0,0.0,890.0,-16418.0,-1844.7191011235955,180.0,0.45,8.0,2.0,0.4,60.0,0.0,False,False
LightGBM,lightgbm_tuned,tuned,False,0.870954526833265,0.9036144578313253,0.19633507853403143,0.3225806451612903,0.9353909156328111,0.92,75,8,307,2051,83,1680.0,-80.0,-18420.0,0.0,830.0,-16820.0,-2026.5060240963855,180.0,0.45,8.0,2.0,0.4,60.0,0.0,False,False
LightGBM,lightgbm_tuned,tuned,False,0.8676771814829988,0.927536231884058,0.16753926701570682,0.2838137472283814,0.9353909156328111,0.93,64,5,318,2054,69,1433.6,-50.0,-19080.0,0.0,690.0,-17696.4,-2564.695652173913,180.0,0.45,8.0,2.0,0.4,60.0,0.0,False,False
LightGBM,lightgbm_tuned,tuned,False,0.8615321589512495,0.9230769230769231,0.1256544502617801,0.22119815668202766,0.9353909156328111,0.94,48,4,334,2055,52,1075.1999999999998,-40.0,-20040.0,0.0,520.0,-19004.8,-3654.769230769231,180.0,0.45,8.0,2.0,0.4,60.0,0.0,False,False
LightGBM,lightgbm_tuned,tuned,False,0.8541581319131504,0.9333333333333333,0.07329842931937172,0.13592233009708737,0.9353909156328111,0.95,28,2,354,2057,30,627.1999999999999,-20.0,-21240.0,0.0,300.0,-20632.8,-6877.599999999999,180.0,0.45,8.0,2.0,0.4,60.0,0.0,False,False
Random Forest,random_forest_tuned,tuned,False,0.6612044244162228,0.31223628691983124,0.9685863874345549,0.47223994894703253,0.9277905199748772,0.05,370,815,12,1244,1185,8288.0,-8150.0,-720.0,0.0,11850.0,-582.0,-4.911392405063291,180.0,0.45,8.0,2.0,0.4,60.0,0.0,False,False
Random Forest,random_forest_tuned,tuned,False,0.7038099139696845,0.34050514499532275,0.9528795811518325,0.5017229496898691,0.9277905199748772,0.06,364,705,18,1354,1069,8153.599999999999,-7050.0,-1080.0,0.0,10690.0,23.599999999999454,0.22076707202992943,180.0,0.45,8.0,2.0,0.4,60.0,0.0,False,False
Random Forest,random_forest_tuned,tuned,False,0.7419090536665301,0.37216494845360826,0.9450261780104712,0.5340236686390533,0.9277905199748772,0.07,361,609,21,1450,970,8086.4,-6090.0,-1260.0,0.0,9700.0,736.3999999999996,7.591752577319584,180.0,0.45,8.0,2.0,0.4,60.0,0.0,False,False
Random Forest,random_forest_tuned,tuned,False,0.7562474395739451,0.3858520900321543,0.9424083769633508,0.5475285171102662,0.9277905199748772,0.08,360,573,22,1486,933,8063.999999999999,-5730.0,-1320.0,0.0,9330.0,1013.9999999999991,10.868167202572337,180.0,0.45,8.0,2.0,0.4,60.0,0.0,False,False
Random Forest,random_forest_tuned,tuned,False,0.7763211798443261,0.4055299539170507,0.9214659685863874,0.5632,0.9277905199748772,0.09,352,516,30,1543,868,7884.799999999999,-5160.0,-1800.0,0.0,8680.0,924.7999999999993,10.654377880184324,180.0,0.45,8.0,2.0,0.4,60.0,0.0,False,False
Random Forest,random_forest_tuned,tuned,False,0.7828758705448586,0.41273584905660377,0.9162303664921466,0.5691056910569106,0.9277905199748772,0.1,350,498,32,1561,848,7839.999999999999,-4980.0,-1920.0,0.0,8480.0,939.9999999999991,11.084905660377348,180.0,0.45,8.0,2.0,0.4,60.0,0.0,False,False
Random Forest,random_forest_tuned,tuned,False,0.7963949201147071,0.42874845105328374,0.9057591623036649,0.5820016820857864,0.9277905199748772,0.11,346,461,36,1598,807,7750.4,-4610.0,-2160.0,0.0,8070.0,980.3999999999996,12.14869888475836,180.0,0.45,8.0,2.0,0.4,60.0,0.0,False,False
Random Forest,random_forest_tuned,tuned,False,0.8070462925030725,0.44272844272844275,0.900523560209424,0.5936151855047455,0.9277905199748772,0.12,344,433,38,1626,777,7705.599999999999,-4330.0,-2280.0,0.0,7770.0,1095.5999999999995,14.100386100386094,180.0,0.45,8.0,2.0,0.4,60.0,0.0,False,False
Random Forest,random_forest_tuned,tuned,False,0.8131913150348218,0.45144356955380577,0.900523560209424,0.6013986013986014,0.9277905199748772,0.13,344,418,38,1641,762,7705.599999999999,-4180.0,-2280.0,0.0,7620.0,1245.5999999999995,16.346456692913378,180.0,0.45,8.0,2.0,0.4,60.0,0.0,False,False
Random Forest,random_forest_tuned,tuned,False,0.8254813600983204,0.4696132596685083,0.8900523560209425,0.6148282097649186,0.9277905199748772,0.14,340,384,42,1675,724,7615.999999999999,-3840.0,-2520.0,0.0,7240.0,1255.999999999999,17.34806629834253,180.0,0.45,8.0,2.0,0.4,60.0,0.0,False,False
Random Forest,random_forest_tuned,tuned,False,0.8312167144612863,0.4788135593220339,0.887434554973822,0.6220183486238532,0.9277905199748772,0.15,339,369,43,1690,708,7593.599999999999,-3690.0,-2580.0,0.0,7080.0,1323.5999999999995,18.69491525423728,180.0,0.45,8.0,2.0,0.4,60.0,0.0,False,False
Random Forest,random_forest_tuned,tuned,False,0.8402294141745187,0.49416909620991256,0.887434554973822,0.6348314606741573,0.9277905199748772,0.16,339,347,43,1712,686,7593.599999999999,-3470.0,-2580.0,0.0,6860.0,1543.5999999999995,22.501457725947514,180.0,0.45,8.0,2.0,0.4,60.0,0.0,False,False
Random Forest,random_forest_tuned,tuned,False,0.8459647685374846,0.5044910179640718,0.8821989528795812,0.6419047619047619,0.9277905199748772,0.17,337,331,45,1728,668,7548.799999999999,-3310.0,-2700.0,0.0,6680.0,1538.7999999999993,23.035928143712564,180.0,0.45,8.0,2.0,0.4,60.0,0.0,False,False
Random Forest,random_forest_tuned,tuned,False,0.8480131093814011,0.5082956259426847,0.8821989528795812,0.6449760765550239,0.9277905199748772,0.18,337,326,45,1733,663,7548.799999999999,-3260.0,-2700.0,0.0,6630.0,1588.7999999999993,23.963800904977365,180.0,0.45,8.0,2.0,0.4,60.0,0.0,True,False
Random Forest,random_forest_tuned,tuned,False,0.8512904547316673,0.514637904468413,0.8743455497382199,0.6479146459747818,0.9277905199748772,0.19,334,315,48,1744,649,7481.599999999999,-3150.0,-2880.0,0.0,6490.0,1451.5999999999995,22.36671802773497,180.0,0.45,8.0,2.0,0.4,60.0,0.0,False,False
Random Forest,random_forest_tuned,tuned,False,0.8537484637443671,0.5195007800312013,0.8717277486910995,0.6510263929618768,0.9277905199748772,0.2,333,308,49,1751,641,7459.2,-3080.0,-2940.0,0.0,6410.0,1439.1999999999998,22.452418096723868,180.0,0.45,8.0,2.0,0.4,60.0,0.0,False,False
Random Forest,random_forest_tuned,tuned,False,0.8574354772634166,0.5275080906148867,0.8534031413612565,0.652,0.9277905199748772,0.21,326,292,56,1767,618,7302.4,-2920.0,-3360.0,0.0,6180.0,1022.3999999999996,16.543689320388346,180.0,0.45,8.0,2.0,0.4,60.0,0.0,False,False
Random Forest,random_forest_tuned,tuned,False,0.862351495288816,0.5380794701986755,0.8507853403141361,0.6592292089249493,0.9277905199748772,0.22,325,279,57,1780,604,7279.999999999999,-2790.0,-3420.0,0.0,6040.0,1069.999999999999,17.715231788079457,180.0,0.45,8.0,2.0,0.4,60.0,0.0,False,False
Random Forest,random_forest_tuned,tuned,False,0.8635804997951659,0.5409015025041736,0.8481675392670157,0.6605504587155964,0.9277905199748772,0.23,324,275,58,1784,599,7257.599999999999,-2750.0,-3480.0,0.0,5990.0,1027.5999999999995,17.15525876460767,180.0,0.45,8.0,2.0,0.4,60.0,0.0,False,False
Random Forest,random_forest_tuned,tuned,False,0.8684965178205654,0.5521367521367522,0.8455497382198953,0.6680455015511892,0.9277905199748772,0.24,323,262,59,1797,585,7235.2,-2620.0,-3540.0,0.0,5850.0,1075.1999999999998,18.379487179487175,180.0,0.45,8.0,2.0,0.4,60.0,0.0,False,False
Random Forest,random_forest_tuned,tuned,False,0.8730028676771815,0.5627177700348432,0.8455497382198953,0.6757322175732218,0.9277905199748772,0.25,323,251,59,1808,574,7235.2,-2510.0,-3540.0,0.0,5740.0,1185.1999999999998,20.648083623693378,180.0,0.45,8.0,2.0,0.4,60.0,0.0,False,False
Random Forest,random_forest_tuned,tuned,False,0.8738222040147481,0.5656028368794326,0.8350785340314136,0.6744186046511628,0.9277905199748772,0.26,319,245,63,1814,564,7145.599999999999,-2450.0,-3780.0,0.0,5640.0,915.5999999999995,16.23404255319148,180.0,0.45,8.0,2.0,0.4,60.0,0.0,False,False
Random Forest,random_forest_tuned,tuned,False,0.8758705448586644,0.5714285714285714,0.8272251308900523,0.6759358288770053,0.9277905199748772,0.27,316,237,66,1822,553,7078.4,-2370.0,-3960.0,0.0,5530.0,748.3999999999996,13.533453887884262,180.0,0.45,8.0,2.0,0.4,60.0,0.0,False,False
Random Forest,random_forest_tuned,tuned,False,0.8754608766898812,0.5709090909090909,0.8219895287958116,0.6738197424892703,0.9277905199748772,0.28,314,236,68,1823,550,7033.599999999999,-2360.0,-4080.0,0.0,5500.0,593.5999999999995,10.792727272727262,180.0,0.45,8.0,2.0,0.4,60.0,0.0,False,False
Random Forest,random_forest_tuned,tuned,False,0.8787382220401475,0.5796296296296296,0.819371727748691,0.6789587852494577,0.9277905199748772,0.29,313,227,69,1832,540,7011.2,-2270.0,-4140.0,0.0,5400.0,601.1999999999998,11.13333333333333,180.0,0.45,8.0,2.0,0.4,60.0,0.0,False,False
Random Forest,random_forest_tuned,tuned,False,0.8779188857025809,0.5783582089552238,0.8115183246073299,0.6753812636165577,0.9277905199748772,0.3,310,226,72,1833,536,6944.0,-2260.0,-4320.0,0.0,5360.0,364.0,6.791044776119402,180.0,0.45,8.0,2.0,0.4,60.0,0.0,False,False
Random Forest,random_forest_tuned,tuned,False,0.8787382220401475,0.5808270676691729,0.8089005235602095,0.6761487964989059,0.9277905199748772,0.31,309,223,73,1836,532,6921.599999999999,-2230.0,-4380.0,0.0,5320.0,311.59999999999945,5.857142857142847,180.0,0.45,8.0,2.0,0.4,60.0,0.0,False,False
Random Forest,random_forest_tuned,tuned,False,0.8807865628840639,0.5866666666666667,0.806282722513089,0.679162072767365,0.9277905199748772,0.32,308,217,74,1842,525,6899.2,-2170.0,-4440.0,0.0,5250.0,289.1999999999998,5.508571428571425,180.0,0.45,8.0,2.0,0.4,60.0,0.0,False,False
Random Forest,random_forest_tuned,tuned,False,0.8820155673904138,0.5903846153846154,0.8036649214659686,0.6807095343680709,0.9277905199748772,0.33,307,213,75,1846,520,6876.799999999999,-2130.0,-4500.0,0.0,5200.0,246.79999999999927,4.746153846153832,180.0,0.45,8.0,2.0,0.4,60.0,0.0,False,False
Random Forest,random_forest_tuned,tuned,False,0.8844735764031135,0.59765625,0.8010471204188482,0.6845637583892618,0.9277905199748772,0.34,306,206,76,1853,512,6854.4,-2060.0,-4560.0,0.0,5120.0,234.39999999999964,4.578124999999993,180.0,0.45,8.0,2.0,0.4,60.0,0.0,False,False
Random Forest,random_forest_tuned,tuned,False,0.8844735764031135,0.5980392156862745,0.7984293193717278,0.6838565022421524,0.9277905199748772,0.35,305,205,77,1854,510,6832.0,-2050.0,-4620.0,0.0,5100.0,162.0,3.176470588235294,180.0,0.45,8.0,2.0,0.4,60.0,0.0,False,False
Random Forest,random_forest_tuned,tuned,False,0.8848832445718967,0.6003976143141153,0.7905759162303665,0.6824858757062147,0.9277905199748772,0.36,302,201,80,1858,503,6764.799999999999,-2010.0,-4800.0,0.0,5030.0,-45.20000000000073,-0.898608349900611,180.0,0.45,8.0,2.0,0.4,60.0,0.0,False,False
Random Forest,random_forest_tuned,tuned,False,0.8865219172470299,0.6052104208416834,0.7905759162303665,0.6855845629965948,0.9277905199748772,0.37,302,197,80,1862,499,6764.799999999999,-1970.0,-4800.0,0.0,4990.0,-5.200000000000728,-0.10420841683368191,180.0,0.45,8.0,2.0,0.4,60.0,0.0,False,False
Random Forest,random_forest_tuned,tuned,False,0.8865219172470299,0.6064908722109533,0.7827225130890052,0.6834285714285714,0.9277905199748772,0.38,299,194,83,1865,493,6697.599999999999,-1940.0,-4980.0,0.0,4930.0,-222.40000000000055,-4.511156186612587,180.0,0.45,8.0,2.0,0.4,60.0,0.0,False,False
Random Forest,random_forest_tuned,tuned,False,0.8877509217533798,0.610655737704918,0.7801047120418848,0.6850574712643678,0.9277905199748772,0.39,298,190,84,1869,488,6675.2,-1900.0,-5040.0,0.0,4880.0,-264.8000000000002,-5.426229508196725,180.0,0.45,8.0,2.0,0.4,60.0,0.0,False,False
Random Forest,random_forest_tuned,tuned,False,0.8889799262597297,0.6144329896907217,0.7801047120418848,0.6874279123414071,0.9277905199748772,0.4,298,187,84,1872,485,6675.2,-1870.0,-5040.0,0.0,4850.0,-234.80000000000018,-4.841237113402066,180.0,0.45,8.0,2.0,0.4,60.0,0.0,False,False
Random Forest,random_forest_tuned,tuned,False,0.8906185989348627,0.6205450733752621,0.774869109947644,0.689173457508731,0.9277905199748772,0.41,296,181,86,1878,477,6630.4,-1810.0,-5160.0,0.0,4770.0,-339.60000000000036,-7.119496855345919,180.0,0.45,8.0,2.0,0.4,60.0,0.0,False,False
Random Forest,random_forest_tuned,tuned,False,0.8934862761163458,0.6297872340425532,0.774869109947644,0.6948356807511737,0.9277905199748772,0.42,296,174,86,1885,470,6630.4,-1740.0,-5160.0,0.0,4700.0,-269.60000000000036,-5.736170212765965,180.0,0.45,8.0,2.0,0.4,60.0,0.0,False,False
Random Forest,random_forest_tuned,tuned,False,0.8938959442851291,0.6311300639658849,0.774869109947644,0.6956521739130435,0.9277905199748772,0.43,296,173,86,1886,469,6630.4,-1730.0,-5160.0,0.0,4690.0,-259.60000000000036,-5.5351812366737825,180.0,0.45,8.0,2.0,0.4,60.0,0.0,False,False
Random Forest,random_forest_tuned,tuned,False,0.8951249487914789,0.6369565217391304,0.7670157068062827,0.6959619952494062,0.9277905199748772,0.44,293,167,89,1892,460,6563.2,-1670.0,-5340.0,0.0,4600.0,-446.8000000000002,-9.713043478260873,180.0,0.45,8.0,2.0,0.4,60.0,0.0,False,False
Random Forest,random_forest_tuned,tuned,False,0.8951249487914789,0.6369565217391304,0.7670157068062827,0.6959619952494062,0.9277905199748772,0.45,293,167,89,1892,460,6563.2,-1670.0,-5340.0,0.0,4600.0,-446.8000000000002,-9.713043478260873,180.0,0.45,8.0,2.0,0.4,60.0,0.0,False,False
Random Forest,random_forest_tuned,tuned,False,0.8971732896353953,0.6445916114790287,0.7643979057591623,0.6994011976047905,0.9277905199748772,0.46,292,161,90,1898,453,6540.799999999999,-1610.0,-5400.0,0.0,4530.0,-469.2000000000007,-10.357615894039752,180.0,0.45,8.0,2.0,0.4,60.0,0.0,False,True
Random Forest,random_forest_tuned,tuned,False,0.8963539532978287,0.6442953020134228,0.7539267015706806,0.6948130277442702,0.9277905199748772,0.47,288,159,94,1900,447,6451.2,-1590.0,-5640.0,0.0,4470.0,-778.8000000000002,-17.422818791946312,180.0,0.45,8.0,2.0,0.4,60.0,0.0,False,False
Random Forest,random_forest_tuned,tuned,False,0.8971732896353953,0.6478555304740407,0.7513089005235603,0.6957575757575758,0.9277905199748772,0.48,287,156,95,1903,443,6428.799999999999,-1560.0,-5700.0,0.0,4430.0,-831.2000000000007,-18.762979683972926,180.0,0.45,8.0,2.0,0.4,60.0,0.0,False,False
Random Forest,random_forest_tuned,tuned,False,0.896763621466612,0.6477272727272727,0.7460732984293194,0.6934306569343066,0.9277905199748772,0.49,285,155,97,1904,440,6384.0,-1550.0,-5820.0,0.0,4400.0,-986.0,-22.40909090909091,180.0,0.45,8.0,2.0,0.4,60.0,0.0,False,False
Random Forest,random_forest_tuned,tuned,False,0.896763621466612,0.6484018264840182,0.743455497382199,0.6926829268292682,0.9277905199748772,0.5,284,154,98,1905,438,6361.599999999999,-1540.0,-5880.0,0.0,4380.0,-1058.4000000000005,-24.16438356164385,180.0,0.45,8.0,2.0,0.4,60.0,0.0,False,False
Random Forest,random_forest_tuned,tuned,False,0.896763621466612,0.6490825688073395,0.7408376963350786,0.6919315403422983,0.9277905199748772,0.51,283,153,99,1906,436,6339.2,-1530.0,-5940.0,0.0,4360.0,-1130.8000000000002,-25.935779816513765,180.0,0.45,8.0,2.0,0.4,60.0,0.0,False,False
Random Forest,random_forest_tuned,tuned,False,0.8971732896353953,0.6526806526806527,0.7329842931937173,0.6905055487053021,0.9277905199748772,0.52,280,149,102,1910,429,6272.0,-1490.0,-6120.0,0.0,4290.0,-1338.0,-31.18881118881119,180.0,0.45,8.0,2.0,0.4,60.0,0.0,False,False
Random Forest,random_forest_tuned,tuned,False,0.8984022941417452,0.6580188679245284,0.7303664921465969,0.6923076923076923,0.9277905199748772,0.53,279,145,103,1914,424,6249.599999999999,-1450.0,-6180.0,0.0,4240.0,-1380.4000000000005,-32.55660377358492,180.0,0.45,8.0,2.0,0.4,60.0,0.0,False,False
Random Forest,random_forest_tuned,tuned,False,0.8979926259729619,0.6587112171837709,0.7225130890052356,0.6891385767790262,0.9277905199748772,0.54,276,143,106,1916,419,6182.4,-1430.0,-6360.0,0.0,4190.0,-1607.6000000000004,-38.367541766109795,180.0,0.45,8.0,2.0,0.4,60.0,0.0,False,False
Random Forest,random_forest_tuned,tuned,False,0.8979926259729619,0.6587112171837709,0.7225130890052356,0.6891385767790262,0.9277905199748772,0.55,276,143,106,1916,419,6182.4,-1430.0,-6360.0,0.0,4190.0,-1607.6000000000004,-38.367541766109795,180.0,0.45,8.0,2.0,0.4,60.0,0.0,False,False
Random Forest,random_forest_tuned,tuned,False,0.9000409668168783,0.6682926829268293,0.7172774869109948,0.6919191919191919,0.9277905199748772,0.56,274,136,108,1923,410,6137.599999999999,-1360.0,-6480.0,0.0,4100.0,-1702.4000000000005,-41.52195121951221,180.0,0.45,8.0,2.0,0.4,60.0,0.0,False,False
Random Forest,random_forest_tuned,tuned,False,0.9000409668168783,0.6699507389162561,0.7120418848167539,0.6903553299492385,0.9277905199748772,0.57,272,134,110,1925,406,6092.799999999999,-1340.0,-6600.0,0.0,4060.0,-1847.2000000000007,-45.497536945812826,180.0,0.45,8.0,2.0,0.4,60.0,0.0,False,False
Random Forest,random_forest_tuned,tuned,False,0.8992216304793118,0.6708542713567839,0.6989528795811518,0.6846153846153846,0.9277905199748772,0.58,267,131,115,1928,398,5980.799999999999,-1310.0,-6900.0,0.0,3980.0,-2229.2000000000007,-56.0100502512563,180.0,0.45,8.0,2.0,0.4,60.0,0.0,False,False
Random Forest,random_forest_tuned,tuned,False,0.8984022941417452,0.6709183673469388,0.6884816753926701,0.6795865633074936,0.9277905199748772,0.59,263,129,119,1930,392,5891.2,-1290.0,-7140.0,0.0,3920.0,-2538.8,-64.76530612244899,180.0,0.45,8.0,2.0,0.4,60.0,0.0,False,False
Random Forest,random_forest_tuned,tuned,False,0.8979926259729619,0.670076726342711,0.6858638743455497,0.6778783958602846,0.9277905199748772,0.6,262,129,120,1930,391,5868.799999999999,-1290.0,-7200.0,0.0,3910.0,-2621.2000000000007,-67.03836317135551,180.0,0.45,8.0,2.0,0.4,60.0,0.0,False,False
Random Forest,random_forest_tuned,tuned,False,0.8979926259729619,0.6727272727272727,0.6780104712041884,0.6753585397653195,0.9277905199748772,0.61,259,126,123,1933,385,5801.599999999999,-1260.0,-7380.0,0.0,3850.0,-2838.4000000000005,-73.72467532467533,180.0,0.45,8.0,2.0,0.4,60.0,0.0,False,False
Random Forest,random_forest_tuned,tuned,False,0.896763621466612,0.6737967914438503,0.6596858638743456,0.6666666666666666,0.9277905199748772,0.62,252,122,130,1937,374,5644.799999999999,-1220.0,-7800.0,0.0,3740.0,-3375.2000000000007,-90.24598930481285,180.0,0.45,8.0,2.0,0.4,60.0,0.0,False,False
Random Forest,random_forest_tuned,tuned,False,0.8963539532978287,0.6738544474393531,0.6544502617801047,0.6640106241699867,0.9277905199748772,0.63,250,121,132,1938,371,5600.0,-1210.0,-7920.0,0.0,3710.0,-3530.0,-95.14824797843666,180.0,0.45,8.0,2.0,0.4,60.0,0.0,False,False
Random Forest,random_forest_tuned,tuned,False,0.8984022941417452,0.6840659340659341,0.6518324607329843,0.6675603217158177,0.9277905199748772,0.64,249,115,133,1944,364,5577.599999999999,-1150.0,-7980.0,0.0,3640.0,-3552.4000000000005,-97.59340659340661,180.0,0.45,8.0,2.0,0.4,60.0,0.0,False,False
Random Forest,random_forest_tuned,tuned,False,0.8988119623105285,0.6890756302521008,0.643979057591623,0.6657645466847091,0.9277905199748772,0.65,246,111,136,1948,357,5510.4,-1110.0,-8160.0,0.0,3570.0,-3759.6000000000004,-105.31092436974791,180.0,0.45,8.0,2.0,0.4,60.0,0.0,False,False
Random Forest,random_forest_tuned,tuned,False,0.899631298648095,0.6974063400576369,0.6335078534031413,0.663923182441701,0.9277905199748772,0.66,242,105,140,1954,347,5420.799999999999,-1050.0,-8400.0,0.0,3470.0,-4029.2000000000007,-116.11527377521615,180.0,0.45,8.0,2.0,0.4,60.0,0.0,False,False
Random Forest,random_forest_tuned,tuned,False,0.9008603031544449,0.7034883720930233,0.6335078534031413,0.6666666666666666,0.9277905199748772,0.67,242,102,140,1957,344,5420.799999999999,-1020.0,-8400.0,0.0,3440.0,-3999.2000000000007,-116.25581395348838,180.0,0.45,8.0,2.0,0.4,60.0,0.0,False,False
Random Forest,random_forest_tuned,tuned,False,0.9020893076607948,0.7109144542772862,0.6308900523560209,0.6685159500693482,0.9277905199748772,0.68,241,98,141,1961,339,5398.4,-980.0,-8460.0,0.0,3390.0,-4041.6000000000004,-119.22123893805309,180.0,0.45,8.0,2.0,0.4,60.0,0.0,False,False
Random Forest,random_forest_tuned,tuned,False,0.9008603031544449,0.7121212121212122,0.6151832460732984,0.6601123595505618,0.9277905199748772,0.69,235,95,147,1964,330,5264.0,-950.0,-8820.0,0.0,3300.0,-4506.0,-136.54545454545456,180.0,0.45,8.0,2.0,0.4,60.0,0.0,False,False
Random Forest,random_forest_tuned,tuned,False,0.9008603031544449,0.7134146341463414,0.612565445026178,0.6591549295774648,0.9277905199748772,0.7,234,94,148,1965,328,5241.599999999999,-940.0,-8880.0,0.0,3280.0,-4578.400000000001,-139.58536585365854,180.0,0.45,8.0,2.0,0.4,60.0,0.0,False,False
Random Forest,random_forest_tuned,tuned,False,0.9016796394920115,0.721875,0.6047120418848168,0.6581196581196581,0.9277905199748772,0.71,231,89,151,1970,320,5174.4,-890.0,-9060.0,0.0,3200.0,-4775.6,-149.2375,180.0,0.45,8.0,2.0,0.4,60.0,0.0,False,False
Random Forest,random_forest_tuned,tuned,False,0.8988119623105285,0.7198697068403909,0.5785340314136126,0.6415094339622641,0.9277905199748772,0.72,221,86,161,1973,307,4950.4,-860.0,-9660.0,0.0,3070.0,-5569.6,-181.42019543973942,180.0,0.45,8.0,2.0,0.4,60.0,0.0,False,False
Random Forest,random_forest_tuned,tuned,False,0.8988119623105285,0.7227722772277227,0.5732984293193717,0.6394160583941606,0.9277905199748772,0.73,219,84,163,1975,303,4905.599999999999,-840.0,-9780.0,0.0,3030.0,-5714.400000000001,-188.5940594059406,180.0,0.45,8.0,2.0,0.4,60.0,0.0,False,False
Random Forest,random_forest_tuned,tuned,False,0.8951249487914789,0.71875,0.5418848167539267,0.6179104477611941,0.9277905199748772,0.74,207,81,175,1978,288,4636.799999999999,-810.0,-10500.0,0.0,2880.0,-6673.200000000001,-231.70833333333337,180.0,0.45,8.0,2.0,0.4,60.0,0.0,False,False
Random Forest,random_forest_tuned,tuned,False,0.8951249487914789,0.723404255319149,0.5340314136125655,0.6144578313253012,0.9277905199748772,0.75,204,78,178,1981,282,4569.599999999999,-780.0,-10680.0,0.0,2820.0,-6890.400000000001,-244.34042553191492,180.0,0.45,8.0,2.0,0.4,60.0,0.0,False,False
Random Forest,random_forest_tuned,tuned,False,0.8955346169602622,0.7360594795539034,0.518324607329843,0.6082949308755761,0.9277905199748772,0.76,198,71,184,1988,269,4435.2,-710.0,-11040.0,0.0,2690.0,-7314.8,-271.9256505576208,180.0,0.45,8.0,2.0,0.4,60.0,0.0,False,False
Random Forest,random_forest_tuned,tuned,False,0.8959442851290454,0.7461538461538462,0.5078534031413613,0.6043613707165109,0.9277905199748772,0.77,194,66,188,1993,260,4345.599999999999,-660.0,-11280.0,0.0,2600.0,-7594.400000000001,-292.0923076923077,180.0,0.45,8.0,2.0,0.4,60.0,0.0,False,False
Random Forest,random_forest_tuned,tuned,False,0.8971732896353953,0.7609561752988048,0.5,0.6034755134281201,0.9277905199748772,0.78,191,60,191,1999,251,4278.4,-600.0,-11460.0,0.0,2510.0,-7781.6,-310.02390438247016,180.0,0.45,8.0,2.0,0.4,60.0,0.0,False,False
Random Forest,random_forest_tuned,tuned,False,0.8955346169602622,0.7679324894514767,0.47643979057591623,0.5880452342487884,0.9277905199748772,0.79,182,55,200,2004,237,4076.7999999999997,-550.0,-12000.0,0.0,2370.0,-8473.2,-357.5189873417722,180.0,0.45,8.0,2.0,0.4,60.0,0.0,False,False
Random Forest,random_forest_tuned,tuned,False,0.8934862761163458,0.7652173913043478,0.4607329842931937,0.5751633986928104,0.9277905199748772,0.8,176,54,206,2005,230,3942.3999999999996,-540.0,-12360.0,0.0,2300.0,-8957.6,-389.4608695652174,180.0,0.45,8.0,2.0,0.4,60.0,0.0,False,False
Random Forest,random_forest_tuned,tuned,False,0.8926669397787792,0.7702702702702703,0.4476439790575916,0.5662251655629139,0.9277905199748772,0.81,171,51,211,2008,222,3830.3999999999996,-510.0,-12660.0,0.0,2220.0,-9339.6,-420.7027027027027,180.0,0.45,8.0,2.0,0.4,60.0,0.0,False,False
Random Forest,random_forest_tuned,tuned,False,0.8906185989348627,0.7751196172248804,0.42408376963350786,0.5482233502538071,0.9277905199748772,0.82,162,47,220,2012,209,3628.7999999999997,-470.0,-13200.0,0.0,2090.0,-10041.2,-480.4401913875599,180.0,0.45,8.0,2.0,0.4,60.0,0.0,False,False
Random Forest,random_forest_tuned,tuned,False,0.8889799262597297,0.7733990147783252,0.4109947643979058,0.5367521367521367,0.9277905199748772,0.83,157,46,225,2013,203,3516.7999999999997,-460.0,-13500.0,0.0,2030.0,-10443.2,-514.4433497536946,180.0,0.45,8.0,2.0,0.4,60.0,0.0,False,False
Random Forest,random_forest_tuned,tuned,False,0.8885702580909464,0.8021978021978022,0.38219895287958117,0.5177304964539007,0.9277905199748772,0.84,146,36,236,2023,182,3270.3999999999996,-360.0,-14160.0,0.0,1820.0,-11249.6,-618.1098901098902,180.0,0.45,8.0,2.0,0.4,60.0,0.0,False,False
Random Forest,random_forest_tuned,tuned,False,0.88529291274068,0.7965116279069767,0.3586387434554974,0.49458483754512633,0.9277905199748772,0.85,137,35,245,2024,172,3068.7999999999997,-350.0,-14700.0,0.0,1720.0,-11981.2,-696.5813953488373,180.0,0.45,8.0,2.0,0.4,60.0,0.0,False,False
Random Forest,random_forest_tuned,tuned,False,0.8816058992216305,0.7961783439490446,0.32722513089005234,0.46382189239332094,0.9277905199748772,0.86,125,32,257,2027,157,2800.0,-320.0,-15420.0,0.0,1570.0,-12940.0,-824.2038216560509,180.0,0.45,8.0,2.0,0.4,60.0,0.0,False,False
Random Forest,random_forest_tuned,tuned,False,0.8779188857025809,0.795774647887324,0.29581151832460734,0.4312977099236641,0.9277905199748772,0.87,113,29,269,2030,142,2531.2,-290.0,-16140.0,0.0,1420.0,-13898.8,-978.7887323943661,180.0,0.45,8.0,2.0,0.4,60.0,0.0,False,False
Random Forest,random_forest_tuned,tuned,False,0.8770995493650143,0.7971014492753623,0.2879581151832461,0.4230769230769231,0.9277905199748772,0.88,110,28,272,2031,138,2464.0,-280.0,-16320.0,0.0,1380.0,-14136.0,-1024.3478260869565,180.0,0.45,8.0,2.0,0.4,60.0,0.0,False,False
Random Forest,random_forest_tuned,tuned,False,0.8717738631708316,0.8,0.24083769633507854,0.3702213279678068,0.9277905199748772,0.89,92,23,290,2036,115,2060.7999999999997,-230.0,-17400.0,0.0,1150.0,-15569.2,-1353.8434782608697,180.0,0.45,8.0,2.0,0.4,60.0,0.0,False,False
Random Forest,random_forest_tuned,tuned,False,0.8705448586644817,0.83,0.21727748691099477,0.34439834024896265,0.9277905199748772,0.9,83,17,299,2042,100,1859.1999999999998,-170.0,-17940.0,0.0,1000.0,-16250.8,-1625.08,180.0,0.45,8.0,2.0,0.4,60.0,0.0,False,False
Random Forest,random_forest_tuned,tuned,False,0.8635804997951659,0.810126582278481,0.16753926701570682,0.27765726681127983,0.9277905199748772,0.91,64,15,318,2044,79,1433.6,-150.0,-19080.0,0.0,790.0,-17796.4,-2252.7088607594937,180.0,0.45,8.0,2.0,0.4,60.0,0.0,False,False
Random Forest,random_forest_tuned,tuned,False,0.8603031544448996,0.8360655737704918,0.13350785340314136,0.23024830699774265,0.9277905199748772,0.92,51,10,331,2049,61,1142.3999999999999,-100.0,-19860.0,0.0,610.0,-18817.6,-3084.8524590163934,180.0,0.45,8.0,2.0,0.4,60.0,0.0,False,False
Random Forest,random_forest_tuned,tuned,False,0.8594838181073331,0.8421052631578947,0.1256544502617801,0.21867881548974943,0.9277905199748772,0.93,48,9,334,2050,57,1075.1999999999998,-90.0,-20040.0,0.0,570.0,-19054.8,-3342.947368421053,180.0,0.45,8.0,2.0,0.4,60.0,0.0,False,False
Random Forest,random_forest_tuned,tuned,False,0.85661614092585,0.8809523809523809,0.0968586387434555,0.17452830188679244,0.9277905199748772,0.94,37,5,345,2054,42,828.8,-50.0,-20700.0,0.0,420.0,-19921.2,-4743.142857142858,180.0,0.45,8.0,2.0,0.4,60.0,0.0,False,False
Random Forest,random_forest_tuned,tuned,False,0.8545678000819337,0.8857142857142857,0.08115183246073299,0.1486810551558753,0.9277905199748772,0.95,31,4,351,2055,35,694.4,-40.0,-21060.0,0.0,350.0,-20405.6,-5830.171428571428,180.0,0.45,8.0,2.0,0.4,60.0,0.0,False,False
